Action,UR,HTTP,First_Seen,Title,URL
REMOVE,8.0,200,2026-01-20,How to Grind Weed If You Don't Have a Grinder : 10 Clever Hacks,https://www.rollyourownpapers.com/blogs/the-roll-your-own-papers-blog/how-to-grind-weed-if-you-dont-have-a-grinder-10-clever-hacks
REMOVE,7.0,200,2026-01-12,Where to Buy Pre Rolls Near Me: Your Ultimate Guide,https://www.rollyourownpapers.com/blogs/the-roll-your-own-papers-blog/where-to-buy-pre-rolls-near-me-your-ultimate-guide
REMOVE,7.0,200,2026-01-08,Can You Use Seaweed as Rolling Paper?,https://www.rollyourownpapers.com/blogs/the-roll-your-own-papers-blog/can-you-use-seaweed-as-rolling-paper
REMOVE,7.0,200,2025-12-29,Where to Buy a Weed Grinder: Your Ultimate Guide for 2026,https://www.rollyourownpapers.com/blogs/the-roll-your-own-papers-blog/where-to-buy-a-weed-grinder-your-ultimate-guide-for-2026
REMOVE,7.0,200,2025-12-29,How to Make a Joint Without Rolling Paper,https://www.rollyourownpapers.com/blogs/the-roll-your-own-papers-blog/how-to-make-a-joint-without-rolling-paper
REMOVE,7.0,200,2026-01-16,How to Smoke Weed Without Bong or Rolling Paper  15+ Creative Methods,https://www.rollyourownpapers.com/blogs/the-roll-your-own-papers-blog/how-to-enjoy-weed-without-bong-or-rolling-paper-15-creative-methods-that-actually-work
REMOVE,7.0,200,2026-01-16,Where Can I Buy a Rolling Tray?  Your Complete 2026 Shopping Guide,https://www.rollyourownpapers.com/blogs/the-roll-your-own-papers-blog/where-can-i-buy-a-rolling-tray-your-complete-2026-shopping-guide
REMOVE,7.0,200,2025-12-12,How to Clean a Weed Grinder with Hot Water: Easy Steps for a Spotles,https://www.rollyourownpapers.com/blogs/the-roll-your-own-papers-blog/how-to-clean-a-weed-grinder-with-hot-water-easy-steps-for-a-spotless-tool
REMOVE,6.0,200,2025-12-04,How to Clean Herb Grinder  Easy Steps for a Sparkly Clean Tool,https://www.rollyourownpapers.com/blogs/the-roll-your-own-papers-blog/how-to-clean-herb-grinder-easy-steps-for-a-sparkly-clean-tool
REMOVE,5.0,200,2026-01-07,The Ultimate Guide to Marijuana Accessories in 2026,https://www.rollyourownpapers.com/blogs/the-roll-your-own-papers-blog/the-ultimate-guide-to-marijuana-accessories-in-2026
REMOVE,5.0,200,2025-11-24,When Will Pre Rolls Be Available in Ohio?  Your 2025 Guide to the,https://www.rollyourownpapers.com/blogs/the-roll-your-own-papers-blog/when-will-pre-rolls-be-available-in-ohio-your-2025-guide-to-the-hottest-roll-up-trend
REMOVE,5.0,200,2025-11-24,Can You Use a Spice Grinder for Weed? The Real Scoop,https://www.rollyourownpapers.com/blogs/the-roll-your-own-papers-blog/can-you-use-a-spice-grinder-for-weed-the-real-scoop
REMOVE,5.0,200,2025-11-13,How Big is a Rolling Tray?  Your Complete Size Guide (2025),https://www.rollyourownpapers.com/blogs/the-roll-your-own-papers-blog/how-big-is-a-rolling-tray-your-complete-size-guide-2025
REMOVE,5.0,200,2025-12-15,What is the Best Weed Grinder? Ultimate 2026 Guide,https://www.rollyourownpapers.com/blogs/the-roll-your-own-papers-blog/what-is-the-best-weed-grinder-ultimate-2026-guide
REMOVE,4.9,200,2025-09-12,How to Clean a Metal Rolling Tray  The Ultimate Step-by-Step Guide,https://www.rollyourownpapers.com/blogs/the-roll-your-own-papers-blog/how-to-clean-a-metal-rolling-tray-the-ultimate-step-by-step-guide
REMOVE,4.9,200,2025-11-28,What Is the Weed at the Bottom of a Grinder Called?  Your Chill Guide,https://www.rollyourownpapers.com/blogs/the-roll-your-own-papers-blog/what-is-the-weed-at-the-bottom-of-a-grinder-called-your-chill-guide-to-that-golden-dust
REMOVE,4.8,200,2025-08-28,How to Grind Weed Without a Grinder   10 Clever DIY Methods,https://www.rollyourownpapers.com/blogs/the-roll-your-own-papers-blog/how-to-grind-weed-without-a-grinder-10-clever-diy-methods
REMOVE,4.8,200,2025-09-25,Why Use a Rolling Tray?  The Complete Guide,https://www.rollyourownpapers.com/blogs/the-roll-your-own-papers-blog/why-use-a-rolling-tray-the-complete-guide
REMOVE,4.8,200,2025-09-25,How to Grind Up Sticky Weed Without a Grinder,https://www.rollyourownpapers.com/blogs/the-roll-your-own-papers-blog/how-to-grind-up-sticky-weed-without-a-grinder
REMOVE,4.8,200,2025-10-16,How Old Do You Have to Be to Buy a Rolling Tray?  Age Laws & FAQs 202,https://www.rollyourownpapers.com/blogs/the-roll-your-own-papers-blog/how-old-do-you-have-to-be-to-buy-a-rolling-tray-age-laws-faqs-2025
REMOVE,4.8,200,2025-08-13,Can You Use Toilet Paper as Rolling Paper? (2025 Guide),https://www.rollyourownpapers.com/blogs/the-roll-your-own-papers-blog/can-you-use-toilet-paper-as-rolling-paper-2025-guide
REMOVE,4.8,200,2025-10-16,How Much Is a Dime Bag of Weed? The 2025 Complete Guide,https://www.rollyourownpapers.com/blogs/the-roll-your-own-papers-blog/how-much-is-a-dime-bag-of-weed-the-2025-complete-guide
REMOVE,4.7,200,2025-11-25,What If TSA Finds Weed in My Bag?  The Real Deal on Flying with Y,https://www.rollyourownpapers.com/blogs/the-roll-your-own-papers-blog/what-if-tsa-finds-weed-in-my-bag-the-real-deal-on-flying-with-your-stash
REMOVE,4.7,200,2025-10-09,Where to Buy Pre Rolls: Your Complete 2025 Buying Guide,https://www.rollyourownpapers.com/blogs/the-roll-your-own-papers-blog/where-to-buy-pre-rolls-your-complete-2025-buying-guide
REMOVE,4.7,200,2025-10-09,How Does a Weed Grinder Work? The Complete Guide You've Been Looking F,https://www.rollyourownpapers.com/blogs/the-roll-your-own-papers-blog/how-does-a-weed-grinder-work-the-complete-guide-youve-been-looking-for
REMOVE,4.7,200,2025-06-28,What Can I Use as Rolling Paper? 7 Safe and Creative Alternatives in 2,https://www.rollyourownpapers.com/blogs/the-roll-your-own-papers-blog/what-can-i-use-as-rolling-paper-15-safe-and-creative-alternatives-you-can-try
REMOVE,4.6,200,2025-08-31,How to Use Glass Filter Tips (2025 Guide),https://www.rollyourownpapers.com/blogs/the-roll-your-own-papers-blog/how-to-use-glass-filter-tips-2025-guide
REMOVE,4.6,200,2025-12-10,How to Make Rolling Paper at Home:  The Ultimate DIY Guide,https://www.rollyourownpapers.com/blogs/the-roll-your-own-papers-blog/how-to-make-rolling-paper-at-home-the-ultimate-diy-guide
REMOVE,4.6,200,2025-10-22,How to Use Glass Tips for Blunts: The Ultimate 2025 Guide,https://www.rollyourownpapers.com/blogs/the-roll-your-own-papers-blog/how-to-use-glass-tips-for-blunts-the-ultimate-2025-guide
REMOVE,4.6,200,2025-09-15,"How to Clean Weed Grinder (Fast, Safe & Like-New)",https://www.rollyourownpapers.com/blogs/the-roll-your-own-papers-blog/how-to-clean-weed-grinder-fast-safe-and-like-new
REMOVE,4.6,200,2025-09-29,"How Much Is a Rolling Tray in 2025? A Friendly Guide to Prices, Mate",https://www.rollyourownpapers.com/blogs/the-roll-your-own-papers-blog/how-much-is-a-rolling-tray-in-2025-a-friendly-guide-to-prices-materials-creative-uses
REMOVE,4.6,200,2025-07-31,What to Use as Rolling Paper When Youre Out of Papers: 10 Handy Alter,https://www.rollyourownpapers.com/blogs/the-roll-your-own-papers-blog/what-to-use-as-rolling-paper-when-you-re-out-of-papers-10-handy-alternatives
REMOVE,4.6,200,2025-09-23,How to Clean Your Weed Grinder (Without Alcohol),https://www.rollyourownpapers.com/blogs/the-roll-your-own-papers-blog/how-to-clean-your-weed-grinder-without-alcohol
REMOVE,4.6,200,2025-09-22,How to Make a Grinder for Weed: DIY Herb Grinder Guide,https://www.rollyourownpapers.com/blogs/the-roll-your-own-papers-blog/how-to-make-a-grinder-for-weed-diy-herb-grinder-guide
REMOVE,4.6,200,2025-09-29,How Much Does a Quarter Bag of Weed Weigh?,https://www.rollyourownpapers.com/blogs/the-roll-your-own-papers-blog/how-much-does-a-quarter-bag-of-weed-weigh
REMOVE,4.6,200,2025-10-30,How to Get Every Last Bit from Your Grinder,https://www.rollyourownpapers.com/blogs/the-roll-your-own-papers-blog/how-to-get-every-last-bit-from-your-grinder
REMOVE,4.6,200,2025-10-30,How to Make a Custom Glitter Rolling Tray  (DIY Guide!),https://www.rollyourownpapers.com/blogs/the-roll-your-own-papers-blog/how-to-make-a-custom-glitter-rolling-tray-diy-guide
REMOVE,4.6,200,2025-10-24,How Long Is Weed Good in a Plastic Bag?  The Complete 2025 Storage Gu,https://www.rollyourownpapers.com/blogs/the-roll-your-own-papers-blog/how-long-is-weed-good-in-a-plastic-bag-the-complete-2025-storage-guide
REMOVE,4.6,200,2025-10-24,How to Put a Picture on a Rolling Tray  5 Easy Methods That Actually,https://www.rollyourownpapers.com/blogs/the-roll-your-own-papers-blog/how-to-put-a-picture-on-a-rolling-tray-5-easy-methods-that-actually-work
REMOVE,4.5,200,2025-11-03,How to Open a Weed Grinder: 15 Easy Methods That Actually Work,https://www.rollyourownpapers.com/blogs/the-roll-your-own-papers-blog/how-to-open-a-weed-grinder-15-easy-methods-that-actually-work
REMOVE,4.5,200,2025-11-03,How to Roll Glass Tips:  The Complete 2025 Guide for Perfect Sessio,https://www.rollyourownpapers.com/blogs/the-roll-your-own-papers-blog/how-to-roll-glass-tips-the-complete-2025-guide-for-perfect-sessions-every-time
REMOVE,4.5,200,2025-11-22,How to Make Rolling Paper from Leaves: Easy & Natural DIY Methods That,https://www.rollyourownpapers.com/blogs/the-roll-your-own-papers-blog/how-to-make-rolling-paper-from-leaves-easy-natural-diy-methods-that-actually-work
REMOVE,4.5,200,2025-11-22,How to Make a Cute Rolling Tray in 2025  Super Easy & Actually Adorab,https://www.rollyourownpapers.com/blogs/the-roll-your-own-papers-blog/how-to-make-a-cute-rolling-tray-in-2025-super-easy-actually-adorable-diy-ideas
REMOVE,4.5,200,2025-10-14,How Much Is a Bag of Weed? Your Complete Price Guide for 2025,https://www.rollyourownpapers.com/blogs/the-roll-your-own-papers-blog/how-much-is-a-bag-of-weed-your-complete-price-guide-for-2025
REMOVE,4.5,200,2026-01-06,Do Smoke Shops Sell Pre Rolls?  The Complete Insider's Guide,https://www.rollyourownpapers.com/blogs/the-roll-your-own-papers-blog/do-smoke-shops-sell-pre-rolls-the-complete-insiders-guide
REMOVE,4.5,200,2026-01-20,How to Make Rolling Paper from Rice: The Complete DIY Guide,https://www.rollyourownpapers.com/blogs/the-roll-your-own-papers-blog/how-to-make-rolling-paper-from-rice-the-complete-diy-guide
REMOVE,4.5,200,2025-11-05,How to Roll a Joint Without Rolling Paper: 15+ Creative Alternatives T,https://www.rollyourownpapers.com/blogs/the-roll-your-own-papers-blog/how-to-roll-a-joint-without-rolling-paper-15-creative-alternatives-that-actually-work
REMOVE,4.5,200,2025-08-06,Can Weed Expire in a Bag?   Heres What You Need to Know!,https://www.rollyourownpapers.com/blogs/the-roll-your-own-papers-blog/can-weed-expire-in-a-bag-here-s-what-you-need-to-know
REMOVE,4.5,200,2025-11-20,How to Maintain Your Resin Rolling Tray FAQ: Complete Care Guide 2025,https://www.rollyourownpapers.com/blogs/the-roll-your-own-papers-blog/how-to-maintain-your-resin-rolling-tray-faq-complete-care-guide-2025
REMOVE,4.5,200,2025-08-30,How Much Does a Weed Grinder Cost? (2025 Price Guide),https://www.rollyourownpapers.com/blogs/the-roll-your-own-papers-blog/how-much-does-a-weed-grinder-cost-2025-price-guide
REMOVE,4.5,200,2025-10-22,How to Make a Rolling Tray with Resin: Your Complete DIY Guide (2025,https://www.rollyourownpapers.com/blogs/the-roll-your-own-papers-blog/how-to-make-a-rolling-tray-with-resin-your-complete-diy-guide-2025
REMOVE,4.5,200,2025-08-12,Is It Safe to Use Gum Wrappers as Rolling Paper?,https://www.rollyourownpapers.com/blogs/the-roll-your-own-papers-blog/is-it-safe-to-use-gum-wrappers-as-rolling-paper
REMOVE,4.5,200,2025-09-25,Can You Use Parchment Paper as Rolling Paper? Heres Why You Should Th,https://www.rollyourownpapers.com/blogs/the-roll-your-own-papers-blog/can-you-use-parchment-paper-as-rolling-paper-here-s-why-you-should-think-twice
REMOVE,4.5,200,2025-08-09,How Long Do Pre-Rolls Last?,https://www.rollyourownpapers.com/blogs/the-roll-your-own-papers-blog/how-long-do-pre-rolls-last
REMOVE,4.5,200,2025-08-30,How to Bag Weed : A Complete Guide to Keeping Your Stash Fresh & Disc,https://www.rollyourownpapers.com/blogs/the-roll-your-own-papers-blog/how-to-bag-weed-a-complete-guide-to-keeping-your-stash-fresh-and-discreet
REMOVE,4.5,200,2025-08-28,How to Clean Glass Filter Tips (2025 Guide),https://www.rollyourownpapers.com/blogs/the-roll-your-own-papers-blog/how-to-clean-glass-filter-tips-2025-guide
REMOVE,4.5,200,2025-08-06,Can You Put Weed in a Checked Bag?  The Essential Guide for U.S. Tra,https://www.rollyourownpapers.com/blogs/the-roll-your-own-papers-blog/can-you-put-weed-in-a-checked-bag-the-essential-guide-for-u-s-travelers
REMOVE,4.5,200,2025-10-16,Do Pre Rolls Have Nicotine?  The Ultimate Truth You Need to Know,https://www.rollyourownpapers.com/blogs/the-roll-your-own-papers-blog/do-pre-rolls-have-nicotine-the-ultimate-truth-you-need-to-know
REMOVE,4.5,200,2025-08-13,How to Make a Rolling Tray (DIY)  + How Rolling Trays Are Made Indus,https://www.rollyourownpapers.com/blogs/the-roll-your-own-papers-blog/how-to-make-a-rolling-tray-diy-and-how-they-re-made-industrially
REMOVE,4.5,200,2025-09-17,How to Make an LED Rolling Tray:  Step-by-Step DIY Guide,https://www.rollyourownpapers.com/blogs/the-roll-your-own-papers-blog/how-to-make-an-led-rolling-tray-step-by-step-diy-guide
REMOVE,4.5,200,2025-09-17,How to Make a Homemade Weed Grinder (12 Safe & Clever Methods),https://www.rollyourownpapers.com/blogs/the-roll-your-own-papers-blog/how-to-make-a-homemade-weed-grinder-12-safe-and-clever-methods
REMOVE,4.5,200,2025-09-11,What Is a Rolling Tray Used For?,https://www.rollyourownpapers.com/blogs/the-roll-your-own-papers-blog/what-is-a-rolling-tray-used-for
REMOVE,4.5,200,2025-09-10,When Was the Weed Grinder Invented? 1905 Origin & Modern Evolution,https://www.rollyourownpapers.com/blogs/the-roll-your-own-papers-blog/when-was-the-weed-grinder-invented-1905-origin-modern-evolution
REMOVE,4.5,200,2025-11-27,How to Ship Glass Jars Safely:  Packaging Tips,https://www.rollyourownpapers.com/blogs/the-roll-your-own-papers-blog/how-to-ship-glass-jars-safely-packaging-tips
REMOVE,4.5,200,2025-10-10,Can I Bring a Weed Grinder on a Plane?  Complete TSA Guide 2025,https://www.rollyourownpapers.com/blogs/the-roll-your-own-papers-blog/can-i-bring-a-weed-grinder-on-a-plane-complete-tsa-guide-2025
REMOVE,4.5,200,2025-09-26,How Many Grams are in a Bag of Weed? (2025 Update + Slang),https://www.rollyourownpapers.com/blogs/the-roll-your-own-papers-blog/how-many-grams-are-in-a-bag-of-weed-2025-update-slang
REMOVE,4.5,200,2025-09-08,"How High Rolling Tray: The Fun, Handy Tray That Levels Up Your Ritua",https://www.rollyourownpapers.com/blogs/the-roll-your-own-papers-blog/how-high-rolling-tray-the-fun-handy-tray-that-levels-up-your-ritual
REMOVE,4.5,200,2025-09-26,Can You Bring a Weed Grinder on a Plane?,https://www.rollyourownpapers.com/blogs/the-roll-your-own-papers-blog/can-you-bring-a-weed-grinder-on-a-plane
REMOVE,4.5,200,2025-10-01,Can I Leave Weed in My Grinder? (2025 Guide),https://www.rollyourownpapers.com/blogs/the-roll-your-own-papers-blog/can-i-leave-weed-in-my-grinder-2025-guide
REMOVE,4.5,200,2025-08-30,"How Many Grams Is a Bag of Weed?  (A No-Stress, 2025 Guide)",https://www.rollyourownpapers.com/blogs/the-roll-your-own-papers-blog/how-many-grams-is-a-bag-of-weed-a-no-stress-2025-guide
REMOVE,4.5,200,2025-10-14,How to Clean a Metal Weed Grinder: Ultimate Guide (2025),https://www.rollyourownpapers.com/blogs/the-roll-your-own-papers-blog/how-to-clean-a-metal-weed-grinder-ultimate-guide-2025
REMOVE,4.5,200,2025-11-05,How to Roll Glass Tips: The Complete 2025 Guide,https://www.rollyourownpapers.com/blogs/the-roll-your-own-papers-blog/how-to-roll-glass-tips-the-complete-2025-guide
REMOVE,4.4,200,2025-12-11,How to Grind Weed with a Grinder: Your Ultimate Guide,https://www.rollyourownpapers.com/blogs/the-roll-your-own-papers-blog/how-to-grind-weed-with-a-grinder-your-ultimate-guide
REMOVE,4.4,200,2025-11-18,What Is the Best Grinder for Weed?  Your Ultimate 2025 Guide,https://www.rollyourownpapers.com/blogs/the-roll-your-own-papers-blog/what-is-the-best-grinder-for-weed-your-ultimate-2025-guide
REMOVE,4.4,200,2025-08-22,How to Make a Dice Rolling Tray  (2025 DIY Guide),https://www.rollyourownpapers.com/blogs/the-roll-your-own-papers-blog/how-to-make-a-dice-rolling-tray-2025-diy-guide
REMOVE,4.4,200,2025-02-06,5 Luxury Promo Gifts for the sophisticated stoner,https://www.rollyourownpapers.com/blogs/the-roll-your-own-papers-blog/5-luxury-herb-promo-gifts-for-the-sophisticated-stoner
REMOVE,4.4,200,2025-08-09,How Much Are Pre-Rolls in the USA (2025)?  Average Prices by State &,https://www.rollyourownpapers.com/blogs/the-roll-your-own-papers-blog/how-much-are-pre-rolls-in-the-usa-2025-average-prices-by-state-what-affects-the-cost
REMOVE,4.4,200,2025-11-11,How Often Should I Clean My Weed Grinder?  Your Complete Maintenance,https://www.rollyourownpapers.com/blogs/the-roll-your-own-papers-blog/how-often-should-i-clean-my-weed-grinder-your-complete-maintenance-guide
REMOVE,4.4,200,2025-08-30,How to Clean a Weed Grinder: Make It Like New,https://www.rollyourownpapers.com/blogs/the-roll-your-own-papers-blog/how-to-clean-a-weed-grinder-make-it-like-new
REMOVE,4.4,200,2025-09-04,"Whats the Best Weed Grinder in 2025?  The Friendly, No-Nonsense Gu",https://www.rollyourownpapers.com/blogs/the-roll-your-own-papers-blog/what-s-the-best-weed-grinder-in-2025-the-friendly-no-nonsense-guide
REMOVE,4.4,200,2025-08-20,How Much Are Pre Rolls in Dispensary?  (Real-World Price Guide + Ways,https://www.rollyourownpapers.com/blogs/the-roll-your-own-papers-blog/how-much-are-pre-rolls-in-dispensary-real-world-price-guide-ways-to-save
REMOVE,4.4,200,2025-08-11,"How to Use a Rolling Tray (2025 Guide)  Clean, Organized, Effortless",https://www.rollyourownpapers.com/blogs/the-roll-your-own-papers-blog/how-to-use-a-rolling-tray-2025-guide-clean-organized-effortless-rolls
REMOVE,4.4,200,2025-11-07,Are Pre Rolls Worth Buying?  The Complete Truth About Value & Quality,https://www.rollyourownpapers.com/blogs/the-roll-your-own-papers-blog/are-pre-rolls-worth-buying-the-complete-truth-about-value-quality
REMOVE,4.4,200,2025-11-07,Do Gas Stations Sell Pre Rolls?  The Truth Nobody's Telling You,https://www.rollyourownpapers.com/blogs/the-roll-your-own-papers-blog/do-gas-stations-sell-pre-rolls-the-truth-nobodys-telling-you
REMOVE,4.4,200,2025-11-18,Can You Fly With Weed Gummies in Checked Bag?  2025 TSA Rules,https://www.rollyourownpapers.com/blogs/the-roll-your-own-papers-blog/can-you-fly-with-weed-gummies-in-checked-bag-2025-tsa-rules
REMOVE,4.4,200,2024-06-10,The Pros and Cons of Using a Custom Rolling Tray,https://www.rollyourownpapers.com/blogs/the-roll-your-own-papers-blog/the-pros-and-cons-of-using-a-custom-rolling-tray
REMOVE,4.4,200,2025-08-11,How to Smoke Weed Without Rolling Paper (2025 Guide),https://www.rollyourownpapers.com/blogs/the-roll-your-own-papers-blog/how-to-smoke-weed-without-rolling-paper-2025-guide
REMOVE,4.4,200,2025-09-16,What to Use as a Rolling Tray? 7 Creative Household Alternatives  (Th,https://www.rollyourownpapers.com/blogs/the-roll-your-own-papers-blog/what-to-use-as-a-rolling-tray-7-creative-household-alternatives-the-handy-options
REMOVE,4.4,200,2024-06-17,The Best Rolling Trays Reviewed: Which One is Right for You?,https://www.rollyourownpapers.com/blogs/the-roll-your-own-papers-blog/the-best-rolling-trays-reviewed-which-one-is-right-for-you
REMOVE,4.4,200,2023-11-13,How to Make Custom Rolling Trays? Step-by-Step Guide,https://www.rollyourownpapers.com/blogs/the-roll-your-own-papers-blog/how-to-make-custom-rolling-trays
REMOVE,4.4,200,2025-07-31,How to Make Custom Rolling Trays: The Ultimate DIY Guide in 2025,https://www.rollyourownpapers.com/blogs/the-roll-your-own-papers-blog/how-to-make-custom-rolling-trays-the-ultimate-diy-guide-in-2025
REMOVE,4.4,200,2025-10-28,What All Do You Need to Make a Rolling Tray?  The Complete 2025 Guide,https://www.rollyourownpapers.com/blogs/the-roll-your-own-papers-blog/what-all-do-you-need-to-make-a-rolling-tray-the-complete-2025-guide
REMOVE,4.4,200,2025-10-28,What Are Glass Tips? The Ultimate 2025 Guide You Need to Read,https://www.rollyourownpapers.com/blogs/the-roll-your-own-papers-blog/what-are-glass-tips-the-ultimate-2025-guide-you-need-to-read
REMOVE,4.4,200,2025-08-28,How to Clean a Rolling Tray: The Ultimate Guide to a Spotless Tray,https://www.rollyourownpapers.com/blogs/the-roll-your-own-papers-blog/how-to-clean-a-rolling-tray-the-ultimate-guide-to-a-spotless-tray
REMOVE,4.4,200,2025-07-31,What Is a Rolling Tray? Your Ultimate Guide to Rolling Trays in 2025,https://www.rollyourownpapers.com/blogs/the-roll-your-own-papers-blog/what-is-a-rolling-tray-your-ultimate-guide-to-rolling-trays-in-2025
REMOVE,4.4,200,2025-08-12,"What Can I Use as a Rolling Tray? 25 Smart Alternatives, Pro Tips, a $",https://www.rollyourownpapers.com/blogs/the-roll-your-own-papers-blog/what-can-i-use-as-a-rolling-tray-25-smart-alternatives-pro-tips-a-10-diy-blueprint
REMOVE,4.4,200,2025-08-22,"Where to Get Pre Rolls in 2025  (Local, Delivery & Online)",https://www.rollyourownpapers.com/blogs/the-roll-your-own-papers-blog/where-to-get-pre-rolls-in-2025-local-delivery-online
REMOVE,4.4,200,2025-10-28,Who Invented the Weed Grinder?  The Untold Story Behind Your Favorite,https://www.rollyourownpapers.com/blogs/the-roll-your-own-papers-blog/who-invented-the-weed-grinder-the-untold-story-behind-your-favorite-tool
REMOVE,4.4,200,2025-11-12,What Are Glass Tips Used For? The Ultimate 2025 Guide,https://www.rollyourownpapers.com/blogs/the-roll-your-own-papers-blog/what-are-glass-tips-used-for-the-ultimate-2025-guide
REMOVE,4.4,200,2025-11-12,How to Use Pre Rolls: The Ultimate Guide for Perfect Sessions Every Ti,https://www.rollyourownpapers.com/blogs/the-roll-your-own-papers-blog/how-to-use-pre-rolls-the-ultimate-guide-for-perfect-sessions-every-time
REMOVE,4.4,200,2025-08-03,How to Stop Weed Smelling in a Bag (Without Losing Your Mind or Your H,https://www.rollyourownpapers.com/blogs/the-roll-your-own-papers-blog/how-to-stop-weed-smelling-in-a-bag-without-losing-your-mind-or-your-herb
REMOVE,4.4,200,2025-08-05,Can You Bring Pre-Rolls in a Checked Bag? (Know Before You Fly),https://www.rollyourownpapers.com/blogs/the-roll-your-own-papers-blog/can-you-bring-pre-rolls-in-a-checked-bag-know-before-you-fly
REMOVE,4.4,200,2025-08-05,Can You Bring a Rolling Tray on a Plane?  The Ultimate Travel Guide,https://www.rollyourownpapers.com/blogs/the-roll-your-own-papers-blog/can-you-bring-a-rolling-tray-on-a-plane-the-ultimate-travel-guide
REMOVE,4.4,200,2025-08-20,"How Much Do Pre Rolls Cost in 2025?  A Real-World Guide to Prices, Pa",https://www.rollyourownpapers.com/blogs/the-roll-your-own-papers-blog/how-much-do-pre-rolls-cost-in-2025-a-real-world-guide-to-prices-packs-and-savings
REMOVE,4.4,200,2025-11-06,How to Grind Weed Without Grinder: 12 Genius Hacks You Need to Know,https://www.rollyourownpapers.com/blogs/the-roll-your-own-papers-blog/how-to-grind-weed-without-grinder-12-genius-hacks-you-need-to-know
REMOVE,4.4,200,2025-09-04,Can You Bring Weed Gummies in a Checked Bag?  (2025 Travelers Guid,https://www.rollyourownpapers.com/blogs/the-roll-your-own-papers-blog/can-you-bring-weed-gummies-in-a-checked-bag-2025-traveler-s-guide
REMOVE,4.4,200,2025-11-06,What is a Rolling Tray For?  The Ultimate Guide You've Been Waiting F,https://www.rollyourownpapers.com/blogs/the-roll-your-own-papers-blog/what-is-a-rolling-tray-for-the-ultimate-guide-youve-been-waiting-for
REMOVE,4.4,200,2025-11-20,How to Make a Smell Proof Bag for Weed: Your Ultimate DIY Guide,https://www.rollyourownpapers.com/blogs/the-roll-your-own-papers-blog/how-to-make-a-smell-proof-bag-for-weed-your-ultimate-diy-guide
REMOVE,4.4,200,2025-11-20,How to Make a Wooden Rolling Tray: The Ultimate DIY Guide for 2025,https://www.rollyourownpapers.com/blogs/the-roll-your-own-papers-blog/how-to-make-a-wooden-rolling-tray-the-ultimate-diy-guide-for-2025
REMOVE,4.4,200,2025-09-16,How to Use a Weed Grinder: Step-by-Step Guide,https://www.rollyourownpapers.com/blogs/the-roll-your-own-papers-blog/how-to-use-a-weed-grinder-step-by-step-guide
REMOVE,4.4,200,2025-02-06,"The ROLL YOUR OWN PAPERS Blog!  Tagged ""Custom Rolling Tray"" Page 2",https://www.rollyourownpapers.com/blogs/the-roll-your-own-papers-blog/tagged/custom-rolling-tray?page=2
REMOVE,4.4,200,2020-01-31,"The ROLL YOUR OWN PAPERS Blog!  Tagged ""Cannabis Swag"" Page 2",https://www.rollyourownpapers.com/blogs/the-roll-your-own-papers-blog/tagged/cannabis-swag?page=2
REMOVE,0.0,200,2026-02-02,How to Make Custom Rolling Tray Sets: 9 Creative DIY Methods (2026 Gui,https://www.rollyourownpapers.com/blogs/the-roll-your-own-papers-blog/how-to-make-custom-rolling-tray-sets-9-creative-diy-methods-2026-guide
REMOVE,0.0,200,2020-06-10,What Type Of Rolling Tray Is The Best For You?,https://www.rollyourownpapers.com/blogs/the-roll-your-own-papers-blog/what-type-of-rolling-tray-is-the-best-for-you
REMOVE,0.0,200,2025-02-05,The Secret To Storing Herb Long-Term and Preserve the Freshness,https://www.rollyourownpapers.com/blogs/the-roll-your-own-papers-blog/the-secret-to-storing-herb-long-term-and-preserve-the-freshness
REMOVE,0.0,200,2025-09-25,What Are Infused Pre-Rolls?  The Ultimate Guide 2025 to Enhanced Pre-,https://www.rollyourownpapers.com/blogs/the-roll-your-own-papers-blog/what-are-infused-pre-rolls-the-ultimate-guide-2025-to-enhanced-pre-rolls
REMOVE,0.0,200,2025-12-24,How to Smoke Weed if You Don't Have Rolling Paper,https://www.rollyourownpapers.com/blogs/the-roll-your-own-papers-blog/how-to-smoke-weed-if-you-dont-have-rolling-paper
REMOVE,0.0,200,2025-03-02,Do Smell Proof Bags for Herb Work?,https://www.rollyourownpapers.com/blogs/the-roll-your-own-papers-blog/do-smell-proof-bags-for-herb-work
REMOVE,0.0,200,2025-02-05,Herb Packaging  How to Keep Your Herb Fresh,https://www.rollyourownpapers.com/blogs/the-roll-your-own-papers-blog/herb-packaging-how-to-keep-your-herb-fresh
REMOVE,0.0,200,2026-02-03,How to Use Herb Grinder with Teeth: The Ultimate 2026 Guide,https://www.rollyourownpapers.com/blogs/the-roll-your-own-papers-blog/how-to-use-herb-grinder-with-teeth-the-ultimate-2026-guide
REMOVE,0.0,200,2025-08-23,Are Infused Pre-Rolls Worth It?  The Ultimate Guide to Enhanced Pre-R,https://www.rollyourownpapers.com/blogs/the-roll-your-own-papers-blog/are-infused-pre-rolls-worth-it-the-ultimate-guide-to-enhanced-pre-roll
REMOVE,0.0,200,2025-12-24,How Do You Clean a Weed Grinder? (Without Overthinking It),https://www.rollyourownpapers.com/blogs/the-roll-your-own-papers-blog/how-do-you-clean-a-weed-grinder-without-overthinking-it
REMOVE,0.0,200,2024-01-24,Important Notice: Welcoming the Year of the Dragon,https://www.rollyourownpapers.com/blogs/the-roll-your-own-papers-blog/important-notice-welcoming-the-year-of-the-dragon
REMOVE,0.0,200,2024-12-24,The Ultimate Guide to Using a Herb Grinder,https://www.rollyourownpapers.com/blogs/the-roll-your-own-papers-blog/the-ultimate-guide-to-using-a-herb-grinder
REMOVE,0.0,200,2025-02-06,Is a Herb Overdose Possible?,https://www.rollyourownpapers.com/blogs/the-roll-your-own-papers-blog/is-a-herb-overdose-possible
REMOVE,0.0,200,2026-01-27,How to Clean a Herb Grinder: The Ultimate Guide (That Actually Works,https://www.rollyourownpapers.com/blogs/the-roll-your-own-papers-blog/how-to-clean-a-herb-grinder-the-ultimate-guide-that-actually-works
REMOVE,0.0,200,2025-12-24,How to Fix a Broken Cigarette Without Rolling Paper: 7 Genius Hacks,https://www.rollyourownpapers.com/blogs/the-roll-your-own-papers-blog/how-to-fix-a-broken-cigarette-without-rolling-paper-7-genius-hacks
REMOVE,0.0,200,2020-03-07,F**K COVID 19 WE BACK!,https://www.rollyourownpapers.com/blogs/the-roll-your-own-papers-blog/f-k-covid-19-we-back
REMOVE,0.0,200,2020-01-31,2019 Novel Coronavirus...production delays : (,https://www.rollyourownpapers.com/blogs/the-roll-your-own-papers-blog/2019-novel-coronavirus-production-delays
REMOVE,0.0,200,2025-08-12,"Are Pre Rolls Legal in 2025?  A Friendly, No-Stress Guide",https://www.rollyourownpapers.com/blogs/the-roll-your-own-papers-blog/are-pre-rolls-legal-in-2025-a-friendly-no-stress-guide
REMOVE,0.0,200,2023-11-15,What is a Smell-Proof Mylar Bag and How Do You Get One?,https://www.rollyourownpapers.com/blogs/the-roll-your-own-papers-blog/what-is-a-smell-proof-mylar-bag-and-how-do-you-get-one
REMOVE,0.0,200,2021-02-04,2021 SPRING FESTIVAL HOLIDAYS - THE YEAR OF THE OX!,https://www.rollyourownpapers.com/blogs/the-roll-your-own-papers-blog/2021-the-year-of-the-ox
REMOVE,0.0,200,2025-03-02,The Difference between Vaporizing and Smoking Herb,https://www.rollyourownpapers.com/blogs/the-roll-your-own-papers-blog/the-difference-between-vaporizing-and-smoking-herb
REMOVE,0.0,200,2026-01-28,How to Smoke Weed Without Rolling Paper or Bong:  13 Clever Hacks f,https://www.rollyourownpapers.com/blogs/the-roll-your-own-papers-blog/how-to-smoke-weed-without-rolling-paper-or-bong-13-clever-hacks-for-when-you-re-all-out
REMOVE,0.0,200,2026-01-28,How Much Are Pre Rolls in Texas?  Real Prices + Where to Buy (2026,https://www.rollyourownpapers.com/blogs/the-roll-your-own-papers-blog/how-much-are-pre-rolls-in-texas-real-prices-where-to-buy-2026-guide
REMOVE,0.0,200,2025-09-26,How to Make a Weed Grinder Out of Wood,https://www.rollyourownpapers.com/blogs/the-roll-your-own-papers-blog/how-to-make-a-weed-grinder-out-of-wood
REMOVE,0.0,200,2026-01-29,Where to Buy Rolling Tray Near Me:  Your Ultimate Guide to Finding,https://www.rollyourownpapers.com/blogs/the-roll-your-own-papers-blog/where-to-buy-rolling-tray-near-me-your-ultimate-guide-to-finding-the-perfect-one
REMOVE,0.0,200,2026-01-29,How to Make Hemp Rolling Paper at Home: A Step-by-Step DIY Guide,https://www.rollyourownpapers.com/blogs/the-roll-your-own-papers-blog/how-to-make-hemp-rolling-paper-at-home-a-step-by-step-diy-guide
REMOVE,0.0,200,2020-05-26,Sexy Roach Book - Stoner Doodlez Edition,https://www.rollyourownpapers.com/blogs/the-roll-your-own-papers-blog/super-sexy-roach-book-1-1
REMOVE,0.0,200,2025-03-02,8 Cool Hacks To Grind Herb Without A Grinder,https://www.rollyourownpapers.com/blogs/the-roll-your-own-papers-blog/8-cool-hacks-to-grind-herbal-without-a-grinder
REMOVE,0.0,200,2026-02-02,"How to Smoke Weed Without Pipe or Rolling Paper (Safer, Smarter Choi",https://www.rollyourownpapers.com/blogs/the-roll-your-own-papers-blog/how-to-smoke-weed-without-pipe-or-rolling-paper-smart-creative-amp-real-world-alternatives
REMOVE,0.0,200,2026-02-02,"Are Pre Rolls Any Good?  The Honest Truth About Quality, Value & What",https://www.rollyourownpapers.com/blogs/the-roll-your-own-papers-blog/are-pre-rolls-any-good-the-honest-truth-about-quality-value-amp-what-to-expect
REMOVE,0.0,200,2025-03-02,Top 10 Ways to Use Herb,https://www.rollyourownpapers.com/blogs/the-roll-your-own-papers-blog/top-10-ways-to-use-herb
REMOVE,0.0,200,2022-01-26,Chinese New Years: 2022 The Year Of the Tiger!,https://www.rollyourownpapers.com/blogs/the-roll-your-own-papers-blog/chinese-new-years-2022-the-year-of-the-tiger
REMOVE,0.0,200,2025-02-06,Differentiating Good and Bad Quality Herb Buds,https://www.rollyourownpapers.com/blogs/the-roll-your-own-papers-blog/differentiating-good-and-bad-quality-herb-buds
REMOVE,0.0,200,2025-11-07,What Do Glass Tips Do for Joints?  The Ultimate 2025 Guide,https://www.rollyourownpapers.com/blogs/the-roll-your-own-papers-blog/what-do-glass-tips-do-for-joints-the-ultimate-2025-guide
REMOVE,0.0,200,2025-08-28,"How to Use Herb Grinder (2025 Guide): Clean, Consistent, Quiet",https://www.rollyourownpapers.com/blogs/the-roll-your-own-papers-blog/how-to-use-herb-grinder-2025-guide-clean-consistent-quiet
REMOVE,0.0,200,2025-08-23,What Are the Safest Alternatives to Rolling Paper?  (2025 Guide),https://www.rollyourownpapers.com/blogs/the-roll-your-own-papers-blog/what-are-the-safest-alternatives-to-rolling-paper-2025-guide
REMOVE,0.0,200,2020-09-30,Mid Autumn Festival Holidays 2020 - Yay!,https://www.rollyourownpapers.com/blogs/the-roll-your-own-papers-blog/mid-autumn-festival-holidays-2020-yay
REMOVE,0.0,200,2023-01-25,Rolling in Style: A Guide to the Best Rolling Trays for Home Rollers,https://www.rollyourownpapers.com/blogs/the-roll-your-own-papers-blog/rolling-in-style-a-guide-to-the-best-rolling-trays-for-home-rollers
REMOVE,0.0,200,2025-10-13,How to Smoke Pre Rolls: Your First-Timer's Guide (21+),https://www.rollyourownpapers.com/blogs/the-roll-your-own-papers-blog/how-to-smoke-pre-rolls-your-first-timers-guide-21
REMOVE,0.0,200,2025-08-31,Where to Buy Weed Grinder (2025 Buyers Guide),https://www.rollyourownpapers.com/blogs/the-roll-your-own-papers-blog/where-to-buy-weed-grinder-2025-buyer-s-guide
REMOVE,0.0,200,1970-01-01,How to Fix a Broken Cigarette Without Rolling Paper: 7 Genius Hacks,https://www.rollyourownpapers.com/blogs/the-roll-your-own-papers-blog/how-to-fix-a-broken-cigarette-without-rolling-paper-7-genius-hacks/
REMOVE,0.0,200,2026-05-02,Can You Bring Pre-Rolls in a Checked Bag? (Know Before You Fly),https://www.rollyourownpapers.com/blogs/the-roll-your-own-papers-blog/can-you-bring-pre-rolls-in-a-checked-bag-know-before-you-fly?srsltid=AfmBOooNgNi4wDHCkXC30BivYGK8rfJZH6-mkiRT2Y755j80WwRvM3TM
REMOVE,0.0,200,2025-11-11,How to Bag Weed : A Complete Guide to Keeping Your Stash Fresh & Disc,https://www.rollyourownpapers.com/blogs/the-roll-your-own-papers-blog/how-to-bag-weed-a-complete-guide-to-keeping-your-stash-fresh-and-discreet?srsltid=AfmBOoooD5Y_f6etlJ_jRXfs3MWkO_wmnKoYeXZPnsPMpB7k72LgWyMr
REMOVE,0.0,200,2025-12-23,Do Pre Rolls Have Nicotine?  The Ultimate Truth You Need to Know,https://www.rollyourownpapers.com/blogs/the-roll-your-own-papers-blog/do-pre-rolls-have-nicotine-the-ultimate-truth-you-need-to-know?srsltid=AfmBOooyQsqMGiFlQF8jUZA7SKEb_uWEVW5lpVRozHynOxJpn1mCsHpA
REMOVE,0.0,200,2025-11-13,How to Bag Weed : A Complete Guide to Keeping Your Stash Fresh & Disc,https://www.rollyourownpapers.com/blogs/the-roll-your-own-papers-blog/how-to-bag-weed-a-complete-guide-to-keeping-your-stash-fresh-and-discreet?srsltid=AfmBOooT68WfRxpCPXigsnmIhvbrD9eeIL8JUUk6qjm6-XdfhIUPcZp6
REMOVE,0.0,200,2025-11-14,How Old Do You Have to Be to Buy a Rolling Tray?  Age Laws & FAQs 202,https://www.rollyourownpapers.com/blogs/the-roll-your-own-papers-blog/how-old-do-you-have-to-be-to-buy-a-rolling-tray-age-laws-faqs-2025?srsltid=AfmBOoqO0-eLn7WAFYGYGLW4GNZGKvRenRzKMRfNb15dPGxxKcasZQZz
REMOVE,0.0,200,2025-11-11,How to Bag Weed : A Complete Guide to Keeping Your Stash Fresh & Disc,https://www.rollyourownpapers.com/blogs/the-roll-your-own-papers-blog/how-to-bag-weed-a-complete-guide-to-keeping-your-stash-fresh-and-discreet?srsltid=AfmBOoot-N0f8e78VaBVbTAOE26bUR8chJ0cj4gV_pfWKWnCrEvValgn
REMOVE,0.0,200,2025-11-11,Can You Put Weed in a Checked Bag?  The Essential Guide for U.S. Tra,https://www.rollyourownpapers.com/blogs/the-roll-your-own-papers-blog/can-you-put-weed-in-a-checked-bag-the-essential-guide-for-u-s-travelers?srsltid=AfmBOoofzBeTsqa09ABn6kgNXg3vx-SKx8FZCkIG7kis_qliPqvdBPWO
REMOVE,0.0,200,2025-11-11,How to Bag Weed : A Complete Guide to Keeping Your Stash Fresh & Disc,https://www.rollyourownpapers.com/blogs/the-roll-your-own-papers-blog/how-to-bag-weed-a-complete-guide-to-keeping-your-stash-fresh-and-discreet?srsltid=AfmBOooZVJXo8mYHKJ7WlRyFNgGEYlYwN9VWSoUStQeMGyxe42DZuN0q
REMOVE,0.0,200,2025-11-13,How Many Grams are in a Bag of Weed? (2025 Update + Slang),https://www.rollyourownpapers.com/blogs/the-roll-your-own-papers-blog/how-many-grams-are-in-a-bag-of-weed-2025-update-slang?srsltid=AfmBOooK5JpdhO8UaKaTsoC3qKZCqWVsuSDih6Dvas1I8h51JZS8LZzN
REMOVE,0.0,200,2025-11-11,How to Bag Weed : A Complete Guide to Keeping Your Stash Fresh & Disc,https://www.rollyourownpapers.com/blogs/the-roll-your-own-papers-blog/how-to-bag-weed-a-complete-guide-to-keeping-your-stash-fresh-and-discreet?srsltid=AfmBOopY0L4hJK06uyoh4yuZE32KY-dUUHpLG1ILz_n4rfPVQOLerhVg
REMOVE,0.0,200,2026-04-08,What Do Glass Tips Do for Joints?  The Ultimate 2025 Guide,https://www.rollyourownpapers.com/blogs/the-roll-your-own-papers-blog/what-do-glass-tips-do-for-joints-the-ultimate-2025-guide?srsltid=AfmBOoq1tRIVJW0OC5Xn9LhLZWrcUnd3fP3zNvDeMDNsm05grBk9-Y-h
REMOVE,0.0,200,2025-11-13,How Many Grams are in a Bag of Weed? (2025 Update + Slang),https://www.rollyourownpapers.com/blogs/the-roll-your-own-papers-blog/how-many-grams-are-in-a-bag-of-weed-2025-update-slang?srsltid=AfmBOooKRYWtHATRw0wnnnnkCE32INbaN50nqjhFmPlZtFb2XJ6S-oJJ
REMOVE,0.0,200,2025-11-11,How Many Grams are in a Bag of Weed? (2025 Update + Slang),https://www.rollyourownpapers.com/blogs/the-roll-your-own-papers-blog/how-many-grams-are-in-a-bag-of-weed-2025-update-slang?srsltid=AfmBOoqzA9duQ1k5w-S4PvaQqEml8Og6E0LYEyRoZr3Y--yX8IuUkZNB
REMOVE,0.0,200,2025-11-11,How to Bag Weed : A Complete Guide to Keeping Your Stash Fresh & Disc,https://www.rollyourownpapers.com/blogs/the-roll-your-own-papers-blog/how-to-bag-weed-a-complete-guide-to-keeping-your-stash-fresh-and-discreet?srsltid=AfmBOorKpwfZOVAcXIcu_AY0JysCqBU3R4rOyuVuRPCHJSqVkIb9PWzL
REMOVE,0.0,200,2025-11-11,How to Bag Weed : A Complete Guide to Keeping Your Stash Fresh & Disc,https://www.rollyourownpapers.com/blogs/the-roll-your-own-papers-blog/how-to-bag-weed-a-complete-guide-to-keeping-your-stash-fresh-and-discreet?srsltid=AfmBOoqg4aO2M3hH8hap2IXHOQTwCYzLcCSZz1tdpfPr8_Y_b87Mq0rV
REMOVE,0.0,200,2026-02-23,What Do Glass Tips Do for Joints?  The Ultimate 2025 Guide,https://www.rollyourownpapers.com/blogs/the-roll-your-own-papers-blog/what-do-glass-tips-do-for-joints-the-ultimate-2025-guide?srsltid=AfmBOooqAf8wCDtYaWSEchXd3KqTu_Wr4ktfvq_kzAVefOEFzakDLp4O
REMOVE,0.0,200,2025-11-13,How Many Grams are in a Bag of Weed? (2025 Update + Slang),https://www.rollyourownpapers.com/blogs/the-roll-your-own-papers-blog/how-many-grams-are-in-a-bag-of-weed-2025-update-slang?srsltid=AfmBOopvwWhOaO8RhRl46Rp7tsXcz611KM3ly8hVXEuc_8Q7VJexPh0B
REMOVE,0.0,200,2025-11-11,How to Stop Weed Smelling in a Bag (Without Losing Your Mind or Your H,https://www.rollyourownpapers.com/blogs/the-roll-your-own-papers-blog/how-to-stop-weed-smelling-in-a-bag-without-losing-your-mind-or-your-herb?srsltid=AfmBOood4fy6RnOprl01FvcEh00z4ywEalF-m6lIf1KDKhdiPxVURv6G
REMOVE,0.0,200,2025-11-11,How to Bag Weed : A Complete Guide to Keeping Your Stash Fresh & Disc,https://www.rollyourownpapers.com/blogs/the-roll-your-own-papers-blog/how-to-bag-weed-a-complete-guide-to-keeping-your-stash-fresh-and-discreet?srsltid=AfmBOoosphMapOAeF9PiF_8M6hYimFiAyJig9silw1SLDf9wM8on_eUi
REMOVE,0.0,200,2025-11-11,How to Smoke Pre Rolls: Your First-Timer's Guide (21+),https://www.rollyourownpapers.com/blogs/the-roll-your-own-papers-blog/how-to-smoke-pre-rolls-your-first-timers-guide-21?srsltid=AfmBOophMJ0zCPfIqQ6Lhy5mDyLZf03hcCAzrSLXlKW3Lr8dynH3GgqN
REMOVE,0.0,200,2026-01-04,How to Make a Grinder for Weed: DIY Herb Grinder Guide,https://www.rollyourownpapers.com/blogs/the-roll-your-own-papers-blog/how-to-make-a-grinder-for-weed-diy-herb-grinder-guide?srsltid=AfmBOoob0TdGUYDLhWCESZ5uL2cL77uGaq7_4ymbUwzJuiywvfam6oEU
REMOVE,0.0,200,2022-02-24,"The ROLL YOUR OWN PAPERS Blog!  Tagged ""4/20 promotional products""",https://www.rollyourownpapers.com/blogs/the-roll-your-own-papers-blog/tagged/4-20-promotional-products
REMOVE,0.0,200,2020-02-04,"The ROLL YOUR OWN PAPERS Blog!  Tagged ""Custom Rolling Papers""",https://www.rollyourownpapers.com/blogs/the-roll-your-own-papers-blog/tagged/custom-rolling-papers?page=1
REMOVE,0.0,200,2020-12-03,"The ROLL YOUR OWN PAPERS Blog!  Tagged ""smell proof mylar bags""",https://www.rollyourownpapers.com/blogs/the-roll-your-own-papers-blog/tagged/smell-proof-mylar-bags
REMOVE,0.0,200,2020-02-05,"The ROLL YOUR OWN PAPERS Blog!  Tagged ""Custom Printed Pre Roll Cones""",https://www.rollyourownpapers.com/blogs/the-roll-your-own-papers-blog/tagged/custom-printed-pre-roll-cones?page=1
REMOVE,0.0,200,2023-02-11,Roll Your Own Papers - The ROLL YOUR OWN PAPERS Blog!,https://www.rollyourownpapers.com/blogs/the-roll-your-own-papers-blog/tagged/thailand-dispensaries.atom
REMOVE,0.0,200,2021-11-09,Roll Your Own Papers - The ROLL YOUR OWN PAPERS Blog!,https://www.rollyourownpapers.com/blogs/the-roll-your-own-papers-blog/tagged/dispensary-promotional-products.atom
REMOVE,0.0,200,2020-06-10,Roll Your Own Papers - The ROLL YOUR OWN PAPERS Blog!,https://www.rollyourownpapers.com/blogs/the-roll-your-own-papers-blog/tagged/custom-rolling-tray.atom
REMOVE,0.0,200,2020-02-07,"The ROLL YOUR OWN PAPERS Blog!  Tagged ""Dream It And We Can Make It""",https://www.rollyourownpapers.com/blogs/the-roll-your-own-papers-blog/tagged/dream-it-and-we-can-make-it?page=1
REMOVE,0.0,200,2020-01-25,Roll Your Own Papers - The ROLL YOUR OWN PAPERS Blog!,https://www.rollyourownpapers.com/blogs/the-roll-your-own-papers-blog/tagged/cannabis-swag.atom
REMOVE,0.0,200,2020-02-07,"The ROLL YOUR OWN PAPERS Blog!  Tagged ""www.rollyourownpapers.com""",https://www.rollyourownpapers.com/blogs/the-roll-your-own-papers-blog/tagged/www-rollyourownpapers-com?page=1
REMOVE,0.0,200,2021-06-08,"The ROLL YOUR OWN PAPERS Blog!  Tagged ""Custom cannabis promo""",https://www.rollyourownpapers.com/blogs/the-roll-your-own-papers-blog/tagged/custom-cannabis-promo
REMOVE,0.0,200,2020-06-17,Roll Your Own Papers - The ROLL YOUR OWN PAPERS Blog!,https://www.rollyourownpapers.com/blogs/the-roll-your-own-papers-blog/tagged/mylar-bags.atom
REMOVE,0.0,200,2020-01-25,Roll Your Own Papers - The ROLL YOUR OWN PAPERS Blog!,https://www.rollyourownpapers.com/blogs/the-roll-your-own-papers-blog/tagged/custom-printed-rolling-papers.atom
REMOVE,0.0,200,2020-01-25,Roll Your Own Papers - The ROLL YOUR OWN PAPERS Blog!,https://www.rollyourownpapers.com/blogs/the-roll-your-own-papers-blog/tagged/custom-printed-pre-roll-cones.atom
REMOVE,0.0,200,2020-01-29,"The ROLL YOUR OWN PAPERS Blog!  Tagged ""Dream It And We Can Make It"" Page 2",https://www.rollyourownpapers.com/blogs/the-roll-your-own-papers-blog/tagged/dream-it-and-we-can-make-it?page=2
REMOVE,0.0,200,2020-06-10,"The ROLL YOUR OWN PAPERS Blog!  Tagged ""Custom Rolling Tray""",https://www.rollyourownpapers.com/blogs/the-roll-your-own-papers-blog/tagged/custom-rolling-tray
REMOVE,0.0,200,2023-02-12,Roll Your Own Papers - The ROLL YOUR OWN PAPERS Blog!,https://www.rollyourownpapers.com/blogs/the-roll-your-own-papers-blog/tagged/amazon-pre-rolled-cones.atom
REMOVE,0.0,200,2020-01-14,"The ROLL YOUR OWN PAPERS Blog!  Tagged ""www.rollyourownpapers.com""",https://www.rollyourownpapers.com/blogs/the-roll-your-own-papers-blog/tagged/www-rollyourownpapers-com
REMOVE,0.0,200,2020-01-19,"The ROLL YOUR OWN PAPERS Blog!  Tagged ""Cannabis Swag""",https://www.rollyourownpapers.com/blogs/the-roll-your-own-papers-blog/tagged/cannabis-swag
REMOVE,0.0,200,2020-02-29,"The ROLL YOUR OWN PAPERS Blog!  Tagged ""Custom Rolling Papers"" Page 3",https://www.rollyourownpapers.com/blogs/the-roll-your-own-papers-blog/tagged/custom-rolling-papers?page=3
REMOVE,0.0,200,2023-02-11,"The ROLL YOUR OWN PAPERS Blog!  Tagged ""pre-rolled cones""",https://www.rollyourownpapers.com/blogs/the-roll-your-own-papers-blog/tagged/pre-rolled-cones
REMOVE,0.0,200,2022-02-25,Roll Your Own Papers - The ROLL YOUR OWN PAPERS Blog!,https://www.rollyourownpapers.com/blogs/the-roll-your-own-papers-blog/tagged/4-20-promotional-products.atom
REMOVE,0.0,200,2020-01-31,"The ROLL YOUR OWN PAPERS Blog!  Tagged ""Custom Rolling Papers"" Page 2",https://www.rollyourownpapers.com/blogs/the-roll-your-own-papers-blog/tagged/custom-rolling-papers?page=2
REMOVE,0.0,200,2023-05-06,"The ROLL YOUR OWN PAPERS Blog!  Tagged ""rolling paper size""",https://www.rollyourownpapers.com/blogs/the-roll-your-own-papers-blog/tagged/rolling-paper-size
REMOVE,0.0,200,2020-01-31,"The ROLL YOUR OWN PAPERS Blog!  Tagged ""Custom Printed Rolling Papers"" Page 2",https://www.rollyourownpapers.com/blogs/the-roll-your-own-papers-blog/tagged/custom-printed-rolling-papers?page=2
REMOVE,0.0,200,2020-03-19,"The ROLL YOUR OWN PAPERS Blog!  Tagged ""Custom Printed Pre Roll Cones"" Page 3",https://www.rollyourownpapers.com/blogs/the-roll-your-own-papers-blog/tagged/custom-printed-pre-roll-cones?page=3
REMOVE,0.0,200,2023-03-23,Roll Your Own Papers - The ROLL YOUR OWN PAPERS Blog!,https://www.rollyourownpapers.com/blogs/the-roll-your-own-papers-blog/tagged/custom-rolling-papers-thailand.atom
REMOVE,0.0,200,2023-05-06,Roll Your Own Papers - The ROLL YOUR OWN PAPERS Blog!,https://www.rollyourownpapers.com/blogs/the-roll-your-own-papers-blog/tagged/rolling-paper-size.atom
REMOVE,0.0,200,2023-03-23,Roll Your Own Papers - The ROLL YOUR OWN PAPERS Blog!,https://www.rollyourownpapers.com/blogs/the-roll-your-own-papers-blog/tagged/rolling-papers-in-thailand.atom
REMOVE,0.0,200,2022-03-22,Roll Your Own Papers - The ROLL YOUR OWN PAPERS Blog!,https://www.rollyourownpapers.com/blogs/the-roll-your-own-papers-blog/tagged/pre-rolled-cones-factory.atom
REMOVE,0.0,200,2020-01-25,Roll Your Own Papers - The ROLL YOUR OWN PAPERS Blog!,https://www.rollyourownpapers.com/blogs/the-roll-your-own-papers-blog/tagged/custom-rolling-papers.atom
REMOVE,0.0,200,2020-05-18,Roll Your Own Papers - The ROLL YOUR OWN PAPERS Blog!,https://www.rollyourownpapers.com/blogs/the-roll-your-own-papers-blog/tagged/herbswag.atom
REMOVE,0.0,200,2020-01-31,"The ROLL YOUR OWN PAPERS Blog!  Tagged ""Custom Printed Pre Roll Cones"" Page 2",https://www.rollyourownpapers.com/blogs/the-roll-your-own-papers-blog/tagged/custom-printed-pre-roll-cones?page=2
REMOVE,0.0,200,2020-03-02,"The ROLL YOUR OWN PAPERS Blog!  Tagged ""Custom Printed Rolling Papers"" Page 3",https://www.rollyourownpapers.com/blogs/the-roll-your-own-papers-blog/tagged/custom-printed-rolling-papers?page=3
REMOVE,0.0,200,2021-06-19,"The ROLL YOUR OWN PAPERS Blog!  Tagged ""Cannabis promotional products""",https://www.rollyourownpapers.com/blogs/the-roll-your-own-papers-blog/tagged/cannabis-promotional-products
REMOVE,0.0,200,2025-02-06,"The ROLL YOUR OWN PAPERS Blog!  Tagged ""Custom Rolling Tray""",https://www.rollyourownpapers.com/blogs/the-roll-your-own-papers-blog/tagged/custom-rolling-tray?page=1
REMOVE,0.0,200,2020-02-07,"The ROLL YOUR OWN PAPERS Blog!  Tagged ""Cannabis Swag""",https://www.rollyourownpapers.com/blogs/the-roll-your-own-papers-blog/tagged/cannabis-swag?page=1
REMOVE,0.0,200,2025-09-27,"The ROLL YOUR OWN PAPERS Blog!  Tagged ""Cannabis promotional products"" Page 2",https://www.rollyourownpapers.com/blogs/the-roll-your-own-papers-blog/tagged/cannabis-promotional-products?page=2
REMOVE,0.0,200,2025-10-23,"The ROLL YOUR OWN PAPERS Blog!  Tagged ""Cannabis promotional products""",https://www.rollyourownpapers.com/blogs/the-roll-your-own-papers-blog/tagged/cannabis-promotional-products?page=1
REMOVE,0.0,200,2020-01-19,"The ROLL YOUR OWN PAPERS Blog!  Tagged ""Custom Printed Pre Roll Cones""",https://www.rollyourownpapers.com/blogs/the-roll-your-own-papers-blog/tagged/custom-printed-pre-roll-cones
REMOVE,0.0,200,2023-03-24,Roll Your Own Papers - The ROLL YOUR OWN PAPERS Blog!,https://www.rollyourownpapers.com/blogs/the-roll-your-own-papers-blog/tagged/custom-rolling-papers-manufacturer.atom
REMOVE,0.0,200,2020-01-19,"The ROLL YOUR OWN PAPERS Blog!  Tagged ""Custom Printed Rolling Papers""",https://www.rollyourownpapers.com/blogs/the-roll-your-own-papers-blog/tagged/custom-printed-rolling-papers
REMOVE,0.0,200,2023-02-12,Roll Your Own Papers - The ROLL YOUR OWN PAPERS Blog!,https://www.rollyourownpapers.com/blogs/the-roll-your-own-papers-blog/tagged/pre-rolled-cones.atom
REMOVE,0.0,200,2020-12-04,Roll Your Own Papers - The ROLL YOUR OWN PAPERS Blog!,https://www.rollyourownpapers.com/blogs/the-roll-your-own-papers-blog/tagged/smell-proof-mylar-bags.atom
REMOVE,0.0,200,2021-11-09,"The ROLL YOUR OWN PAPERS Blog!  Tagged ""dispensary promotional products""",https://www.rollyourownpapers.com/blogs/the-roll-your-own-papers-blog/tagged/dispensary-promotional-products
REMOVE,0.0,200,2020-01-19,"The ROLL YOUR OWN PAPERS Blog!  Tagged ""Custom Rolling Papers""",https://www.rollyourownpapers.com/blogs/the-roll-your-own-papers-blog/tagged/custom-rolling-papers
REMOVE,0.0,200,2021-06-20,Roll Your Own Papers - The ROLL YOUR OWN PAPERS Blog!,https://www.rollyourownpapers.com/blogs/the-roll-your-own-papers-blog/tagged/cannabis-promotional-products.atom
REMOVE,0.0,200,2020-01-31,"The ROLL YOUR OWN PAPERS Blog!  Tagged ""www.rollyourownpapers.com"" Page 2",https://www.rollyourownpapers.com/blogs/the-roll-your-own-papers-blog/tagged/www-rollyourownpapers-com?page=2
REMOVE,0.0,200,2020-12-03,"The ROLL YOUR OWN PAPERS Blog!  Tagged ""cannabis packaging""",https://www.rollyourownpapers.com/blogs/the-roll-your-own-papers-blog/tagged/cannabis-packaging
REMOVE,0.0,200,2020-01-20,Roll Your Own Papers - The ROLL YOUR OWN PAPERS Blog!,https://www.rollyourownpapers.com/blogs/the-roll-your-own-papers-blog/tagged/www-rollyourownpapers-com.atom
REMOVE,0.0,200,2020-12-03,Roll Your Own Papers - The ROLL YOUR OWN PAPERS Blog!,https://www.rollyourownpapers.com/blogs/the-roll-your-own-papers-blog/tagged/cannabis-packaging.atom
REMOVE,0.0,200,2020-01-19,"The ROLL YOUR OWN PAPERS Blog!  Tagged ""Dream It And We Can Make It""",https://www.rollyourownpapers.com/blogs/the-roll-your-own-papers-blog/tagged/dream-it-and-we-can-make-it
REMOVE,0.0,200,2021-06-09,Roll Your Own Papers - The ROLL YOUR OWN PAPERS Blog!,https://www.rollyourownpapers.com/blogs/the-roll-your-own-papers-blog/tagged/custom-cannabis-promo.atom
REMOVE,0.0,200,2020-02-07,"The ROLL YOUR OWN PAPERS Blog!  Tagged ""Custom Printed Rolling Papers""",https://www.rollyourownpapers.com/blogs/the-roll-your-own-papers-blog/tagged/custom-printed-rolling-papers?page=1
REMOVE,0.0,200,2022-02-25,Roll Your Own Papers - The ROLL YOUR OWN PAPERS Blog!,https://www.rollyourownpapers.com/blogs/the-roll-your-own-papers-blog/tagged/4-20-swag.atom
REMOVE,0.0,200,2022-01-13,Roll Your Own Papers - The ROLL YOUR OWN PAPERS Blog!,https://www.rollyourownpapers.com/blogs/the-roll-your-own-papers-blog/tagged/s-w-rolling-tips.atom
REMOVE,0.0,200,2022-03-22,"The ROLL YOUR OWN PAPERS Blog!  Tagged ""Pre rolled cones factory""",https://www.rollyourownpapers.com/blogs/the-roll-your-own-papers-blog/tagged/pre-rolled-cones-factory
REMOVE,0.0,200,2020-01-24,Roll Your Own Papers - The ROLL YOUR OWN PAPERS Blog!,https://www.rollyourownpapers.com/blogs/the-roll-your-own-papers-blog/tagged/dream-it-and-we-can-make-it.atom
REMOVE,0.0,200,2023-02-11,"The ROLL YOUR OWN PAPERS Blog!  Tagged ""amazon pre-rolled cones""",https://www.rollyourownpapers.com/blogs/the-roll-your-own-papers-blog/tagged/amazon-pre-rolled-cones
REMOVE,0.0,200,2022-01-13,Roll Your Own Papers - The ROLL YOUR OWN PAPERS Blog!,https://www.rollyourownpapers.com/blogs/the-roll-your-own-papers-blog/tagged/bobbin-rolling-paper-with-pure-arabic-gum.atom
REMOVE,0.0,200,2022-01-13,Roll Your Own Papers - The ROLL YOUR OWN PAPERS Blog!,https://www.rollyourownpapers.com/blogs/the-roll-your-own-papers-blog/tagged/pre-rolled-bullet-tips.atom
REMOVE,0.0,200,2023-02-09,"The ROLL YOUR OWN PAPERS Blog!  Tagged ""Thailand dispensaries""",https://www.rollyourownpapers.com/blogs/the-roll-your-own-papers-blog/tagged/thailand-dispensaries
REMOVE,0.0,200,2023-03-22,"The ROLL YOUR OWN PAPERS Blog!  Tagged ""Rolling Papers in Thailand""",https://www.rollyourownpapers.com/blogs/the-roll-your-own-papers-blog/tagged/rolling-papers-in-thailand
REMOVE,0.0,200,2023-03-22,"The ROLL YOUR OWN PAPERS Blog!  Tagged ""Custom Rolling Papers Manufacturer""",https://www.rollyourownpapers.com/blogs/the-roll-your-own-papers-blog/tagged/custom-rolling-papers-manufacturer
REMOVE,0.0,200,2020-06-16,"The ROLL YOUR OWN PAPERS Blog!  Tagged ""Mylar Bags""",https://www.rollyourownpapers.com/blogs/the-roll-your-own-papers-blog/tagged/mylar-bags
REMOVE,0.0,200,2022-02-24,"The ROLL YOUR OWN PAPERS Blog!  Tagged ""4/20 swag""",https://www.rollyourownpapers.com/blogs/the-roll-your-own-papers-blog/tagged/4-20-swag
404-FIX,7.0,404,2025-12-25,,https://www.rollyourownpapers.com/blogs/the-roll-your-own-papers-blog/nobody-told-you-this-about-the-rollpros-blackbird-machine-until-now
404-FIX,7.0,404,2025-12-12,,https://www.rollyourownpapers.com/blogs/the-roll-your-own-papers-blog/rollpros-blackbird-vs-chinese-pre-roll-machines-the-truth-about-reliability
404-FIX,6.0,404,2025-12-09,,https://www.rollyourownpapers.com/blogs/the-roll-your-own-papers-blog/rollpros-blackbird-vs-futurola-knockbox-which-is-better-for-2025
404-FIX,6.0,404,2025-12-04,,https://www.rollyourownpapers.com/blogs/the-roll-your-own-papers-blog/proof-of-roi-rollpros-blackbird-case-studies-from-2024-2025
404-FIX,6.0,404,2025-12-01,,https://www.rollyourownpapers.com/blogs/the-roll-your-own-papers-blog/how-the-rollpros-blackbird-can-cut-labor-costs-by-72
404-FIX,5.0,404,2025-12-10,,https://www.rollyourownpapers.com/blogs/the-roll-your-own-papers-blog/rollpros-blackbird-vs-stm-rocketbox-vs-flexpak-full-machine-comparison
404-FIX,5.0,404,2025-11-24,,https://www.rollyourownpapers.com/blogs/the-roll-your-own-papers-blog/unlock-efficiency-essential-consumables-for-your-rollpros-blackbird-automated-pre-roll-machine
404-FIX,5.0,404,2025-10-21,,https://www.rollyourownpapers.com/blogs/the-roll-your-own-papers-blog/rollpros-blackbird-consumables-how-to-reduce-waste-and-maximize-output
404-FIX,5.0,404,2025-11-13,,https://www.rollyourownpapers.com/blogs/the-roll-your-own-papers-blog/rollpros-blackbird-machine-settings-how-to-optimize-output-and-reduce-jams
404-FIX,5.0,404,2025-12-15,,https://www.rollyourownpapers.com/blogs/the-roll-your-own-papers-blog/how-to-make-your-rollpros-blackbird-production-line-eco-friendly
404-FIX,4.9,404,2025-09-12,,https://www.rollyourownpapers.com/blogs/the-roll-your-own-papers-blog/the-ultimate-guide-to-custom-pre-roll-cone-manufacturing-with-fully-automated-pre-roll-rolling-machine-and-rollpros-blackbird-machine-consumables
404-FIX,4.9,404,2025-09-12,,https://www.rollyourownpapers.com/blogs/the-roll-your-own-papers-blog/unlocking-blackbird-potential-the-ultimate-guide-to-rollyourownpapers-custom-paper-bobbins-filter-tips
404-FIX,4.9,404,2025-11-28,,https://www.rollyourownpapers.com/blogs/the-roll-your-own-papers-blog/the-cost-breakdown-rollpros-blackbird-consumables-vs-hand-rolling-supplies
404-FIX,4.8,404,2025-09-25,,https://www.rollyourownpapers.com/blogs/the-roll-your-own-papers-blog/your-partner-in-scale-choosing-the-right-pre-roll-cone-supplier-for-rollpros-blackbird-machine
404-FIX,4.8,404,2025-10-16,,https://www.rollyourownpapers.com/blogs/the-roll-your-own-papers-blog/why-rollpros-blackbird-consumables-can-make-or-break-your-production
404-FIX,4.7,404,2025-10-09,,https://www.rollyourownpapers.com/blogs/the-roll-your-own-papers-blog/5-common-mistakes-with-rollpros-blackbird-consumables-and-how-to-fix-them
404-FIX,4.7,404,2025-11-25,,https://www.rollyourownpapers.com/blogs/the-roll-your-own-papers-blog/paper-bobbins-filter-tips-or-glass-tips-which-impacts-rollpros-output-the-most
404-FIX,4.6,404,2025-09-15,,https://www.rollyourownpapers.com/blogs/the-roll-your-own-papers-blog/why-fully-automated-pre-roll-joint-rolling-machine-and-rollpros-blackbird-machines-are-your-secret-weapon-in-a-competitive-market
404-FIX,4.6,404,2025-10-24,,https://www.rollyourownpapers.com/blogs/the-roll-your-own-papers-blog/rollpros-blackbird-consumables-vs-generic-supplies-whats-the-difference
404-FIX,4.6,404,2025-10-30,,https://www.rollyourownpapers.com/blogs/the-roll-your-own-papers-blog/rollpros-blackbird-consumables-and-the-rise-of-automated-production
404-FIX,4.6,404,2025-12-09,,https://www.rollyourownpapers.com/blogs/the-roll-your-own-papers-blog/rollpros-blackbird-vs-contract-manufacturing-which-model-makes-more-profit
404-FIX,4.5,404,2025-12-29,,https://www.rollyourownpapers.com/blogs/the-roll-your-own-papers-blog/we-ran-the-rollpros-blackbird-for-30-days-straight-heres-what-broke-first
404-FIX,4.5,404,2025-09-10,,https://www.rollyourownpapers.com/blogs/the-roll-your-own-papers-blog/everyone-s-talking-about-the-rollpros-blackbird-but-where-do-you-get-the-paper-bobbins-and-pre-roll-tips
404-FIX,4.5,404,2025-09-11,,https://www.rollyourownpapers.com/blogs/the-roll-your-own-papers-blog/how-to-take-care-of-your-fully-automated-pre-roll-machine-like-rollpros-blackbird-machine
404-FIX,4.5,404,2025-09-17,,https://www.rollyourownpapers.com/blogs/the-roll-your-own-papers-blog/don-t-let-cheap-supplies-destroy-your-automated-pre-roll-joint-rolling-machines-and-rollpros-blackbird-rolling-machines-how-choosing-the-right-supplier-protects-your-machine-and-your-brand
404-FIX,4.5,404,2025-09-10,,https://www.rollyourownpapers.com/blogs/the-roll-your-own-papers-blog/don-t-let-cheap-supplies-destroy-your-rollpros-blackbird-choose-the-right-supplier-to-protect-your-machine-and-your-brand
404-FIX,4.5,404,2025-09-11,,https://www.rollyourownpapers.com/blogs/the-roll-your-own-papers-blog/how-to-load-rolling-paper-bobbins-into-the-pre-roll-machines-and-rollpros-blackbird-rolling-machine-step-by-step
404-FIX,4.5,404,2025-10-14,,https://www.rollyourownpapers.com/blogs/the-roll-your-own-papers-blog/mastering-rollpros-blackbird-consumables-tips-for-better-efficiency
404-FIX,4.5,404,2025-10-01,,https://www.rollyourownpapers.com/blogs/the-roll-your-own-papers-blog/are-premium-prerolls-blackbird-consumables-and-automated-pre-roll-machine-consumables-worth-the-investment
404-FIX,4.5,404,2025-11-05,,https://www.rollyourownpapers.com/blogs/the-roll-your-own-papers-blog/what-makes-the-rollpros-blackbird-different-from-other-pre-roll-machines
404-FIX,4.5,404,2025-09-26,,https://www.rollyourownpapers.com/blogs/the-roll-your-own-papers-blog/beyond-the-basics-what-defines-quality-rollpros-blackbird-automated-pre-roll-joint-rolling-machine-production-supplies
404-FIX,4.5,404,2025-11-20,,https://www.rollyourownpapers.com/blogs/the-roll-your-own-papers-blog/how-to-prevent-paper-tearing-tunneling-canoeing-on-the-rollpros-blackbird-ultimate-guide-2025
404-FIX,4.5,404,2025-10-10,,https://www.rollyourownpapers.com/blogs/the-roll-your-own-papers-blog/rollpros-blackbird-consumables-explained-a-complete-guide-for-2025
404-FIX,4.5,404,2025-11-03,,https://www.rollyourownpapers.com/blogs/the-roll-your-own-papers-blog/sustainability-in-rollpros-blackbird-consumables-whats-changing
404-FIX,4.5,404,2025-11-27,,https://www.rollyourownpapers.com/blogs/the-roll-your-own-papers-blog/why-oem-consumables-matter-for-the-rollpros-blackbird-and-what-happens-if-you-don-t-use-them
404-FIX,4.5,404,2025-11-22,,https://www.rollyourownpapers.com/blogs/the-roll-your-own-papers-blog/how-many-rolls-can-one-rollpros-blackbird-bobbin-actually-produce
404-FIX,4.5,404,2025-11-27,,https://www.rollyourownpapers.com/blogs/the-roll-your-own-papers-blog/how-to-store-and-handle-paper-bobbins-for-the-rollpros-blackbird
404-FIX,4.5,404,2025-11-18,,https://www.rollyourownpapers.com/blogs/the-roll-your-own-papers-blog/rollpros-blackbird-maintenance-schedule-daily-weekly-and-monthly-checklist
404-FIX,4.5,404,2025-12-16,,https://www.rollyourownpapers.com/blogs/the-roll-your-own-papers-blog/child-resistant-retail-ready-packaging-workflow-after-the-rollpros-blackbird
404-FIX,4.5,404,2025-11-07,,https://www.rollyourownpapers.com/blogs/the-roll-your-own-papers-blog/rollpros-blackbird-101-everything-you-need-to-know-before-investing
404-FIX,4.5,404,2025-12-24,,https://www.rollyourownpapers.com/blogs/the-roll-your-own-papers-blog/how-co-packing-facilities-use-the-rollpros-blackbird-to-win-new-clients
404-FIX,4.4,404,2025-09-29,,https://www.rollyourownpapers.com/blogs/the-roll-your-own-papers-blog/seamless-production-mastering-your-rollpros-blackbird-consumables-strategy
404-FIX,4.4,404,2025-11-18,,https://www.rollyourownpapers.com/blogs/the-roll-your-own-papers-blog/how-to-troubleshoot-rollpros-blackbird-issues-without-paying-for-support
404-FIX,4.4,404,2025-10-28,,https://www.rollyourownpapers.com/blogs/the-roll-your-own-papers-blog/how-to-pick-the-best-rollpros-blackbird-consumables-for-your-brand
404-FIX,4.4,404,2025-09-24,,https://www.rollyourownpapers.com/blogs/the-roll-your-own-papers-blog/mastering-your-rollpros-blackbird-consumables-automated-pre-roll-joint-rolling-machine-strategy
404-FIX,4.4,404,2025-10-15,,https://www.rollyourownpapers.com/blogs/the-roll-your-own-papers-blog/the-ultimate-guide-to-choosing-the-right-rollpros-blackbird-consumables
404-FIX,4.4,404,2025-09-16,,https://www.rollyourownpapers.com/blogs/the-roll-your-own-papers-blog/elevate-your-automated-pre-roll-joint-rolling-machine-production-and-rollpros-blackbird-production-the-power-of-custom-pre-roll-tips-glass-paper
404-FIX,4.4,404,2025-09-24,,https://www.rollyourownpapers.com/blogs/the-roll-your-own-papers-blog/custom-paper-bobbins-rollpros-blackbird-consumables-and-automated-pre-roll-joint-rolling-machine-consumables-ensuring-peak-automation-efficiency
404-FIX,4.4,404,2025-10-28,,https://www.rollyourownpapers.com/blogs/the-roll-your-own-papers-blog/top-rollpros-blackbird-consumables-every-business-should-be-using
404-FIX,4.4,404,2025-11-20,,https://www.rollyourownpapers.com/blogs/the-roll-your-own-papers-blog/rollpros-blackbird-calibration-guide-perfect-fill-perfect-roll-every-time
404-FIX,4.4,404,2025-09-22,,https://www.rollyourownpapers.com/blogs/the-roll-your-own-papers-blog/everyone-s-talking-about-the-rollpros-blackbird-rolling-machines-and-automated-pre-roll-joint-rolling-machines-but-where-do-you-get-the-paper-bobbins-and-pre-roll-tips
404-FIX,4.4,404,2025-12-11,,https://www.rollyourownpapers.com/blogs/the-roll-your-own-papers-blog/is-the-rollpros-blackbird-really-faster-than-hand-rolling
404-FIX,4.4,404,2025-11-12,,https://www.rollyourownpapers.com/blogs/the-roll-your-own-papers-blog/how-the-rollpros-blackbird-became-the-industry-standard-for-automated-pre-rolls
404-FIX,4.4,404,2025-11-06,,https://www.rollyourownpapers.com/blogs/the-roll-your-own-papers-blog/is-the-rollpros-blackbird-worth-it-in-2025-full-breakdown-for-operators
404-FIX,4.4,404,2025-08-13,,https://www.rollyourownpapers.com/blogs/the-roll-your-own-papers-blog/ROLLYOUROWNPAPERS.COM
404-FIX,4.4,404,2025-11-11,,https://www.rollyourownpapers.com/blogs/the-roll-your-own-papers-blog/rollpros-blackbird-for-small-large-scale-facilities-who-benefits-most
404-FIX,4.4,404,2025-11-03,,https://www.rollyourownpapers.com/blogs/the-roll-your-own-papers-blog/how-to-clean-weed-grinder
404-FIX,4.4,404,2025-11-25,,https://www.rollyourownpapers.com/blogs/the-roll-your-own-papers-blog/top-weed-bags-for-discreet-travel
404-FIX,4.4,404,2025-09-10,,https://www.rollyourownpapers.com/blogs/the-roll-your-own-papers-blog/Weed%20Grinder
404-FIX,0.0,404,2026-01-09,,https://www.rollyourownpapers.com/blogs/the-roll-your-own-papers-blog/is-the-rollpros-blackbird-really-faster-than-hand-rolling?srsltid=AfmBOoq3N9Sj5H-cJ4vdACZ0LyCi0belAdJ8uiNjEIYzhW-C2dw8qyLF
404-FIX,0.0,404,2025-12-29,,https://www.rollyourownpapers.com/blogs/the-roll-your-own-papers-blog/is-the-rollpros-blackbird-actually-a-smart-investment-the-real-cost-breakdown
404-FIX,0.0,404,2025-10-22,,https://www.rollyourownpapers.com/blogs/the-roll-your-own-papers-blog/5-common-mistakes-with-rollpros-blackbird-consumables-and-how-to-fix-them-1
404-FIX,0.0,404,1970-01-01,,https://www.rollyourownpapers.com/blogs/the-roll-your-own-papers-blog/can-you-use-parchment-paper-as-rolling-paper-heres-why-you-should-think-twice
404-FIX,0.0,404,1970-01-01,,https://www.rollyourownpapers.com/blogs/the-roll-your-own-papers-blog/what-can-i-use-as-rolling-paper-when-youre-out-of-papers-10-handy-alternatives
404-FIX,0.0,404,1970-01-01,,https://www.rollyourownpapers.com/blogs/the-roll-your-own-papers-blog/what-to-use-as-rolling-paper-when-youre-out-of-papers-10-handy-alter
404-FIX,0.0,404,2025-12-29,,https://www.rollyourownpapers.com/blogs/the-roll-your-own-papers-blog/rollpros-blackbird-automated-pre-roll-machine-complete-buyers-guide
404-FIX,0.0,404,2025-12-25,,https://www.rollyourownpapers.com/blogs/the-roll-your-own-papers-blog/how-to-optimize-your-rollpros-blackbird-for-maximum-efficiency
404-FIX,0.0,404,2025-12-26,,https://www.rollyourownpapers.com/blogs/the-roll-your-own-papers-blog/rollpros-blackbird-maintenance-guide
404-FIX,0.0,404,2025-12-26,,https://www.rollyourownpapers.com/blogs/the-roll-your-own-papers-blog/rollpros-blackbird-troubleshooting-guide
404-FIX,0.0,404,2025-12-24,,https://www.rollyourownpapers.com/blogs/the-roll-your-own-papers-blog/rollpros-blackbird-automated-pre-roll-machine-complete-guide
404-FIX,0.0,404,2025-09-08,,https://www.rollyourownpapers.com/blogs/the-roll-your-own-papers-blog/best-custom-rolling-paper-bobbins-supplier-for-automated-pre-roll-machines-like-rollpros-blackbird-machine
404-FIX,0.0,404,2024-03-19,,https://www.rollyourownpapers.com/blogs/the-roll-your-own-papers-blog/5-key-reasons-the-rollpros-blackbird-is-a-wise-investment-save-and-earn-smartly
404-FIX,0.0,404,2025-12-24,,https://www.rollyourownpapers.com/blogs/the-roll-your-own-papers-blog/what-operators-want-next-rollpros-blackbird-feature-predictions
404-FIX,0.0,404,2025-12-24,,https://www.rollyourownpapers.com/blogs/the-roll-your-own-papers-blog/the-end-of-hand-rolling-how-the-rollpros-blackbird-is-reshaping-2025-manufacturing
404-FIX,0.0,404,2025-12-24,,https://www.rollyourownpapers.com/blogs/the-roll-your-own-papers-blog/why-ai-automation-will-change-the-future-of-rollpros-blackbird-operations
404-FIX,0.0,404,2025-12-08,,https://www.rollyourownpapers.com/blogs/the-roll-your-own-papers-blog/how-to-build-a-seven-figure-pre-roll-line-around-the-rollpros-blackbird
404-FIX,0.0,404,2025-11-07,,https://www.rollyourownpapers.com/blogs/the-roll-your-own-papers-blog/boosting-quality-with-the-right-rollpros-blackbird-consumables
404-FIX,0.0,404,2025-11-07,,https://www.rollyourownpapers.com/blogs/the-roll-your-own-papers-blog/the-future-of-rollpros-blackbird-consumables-trends-to-watch-in-2025
404-FIX,0.0,404,2025-10-13,,https://www.rollyourownpapers.com/blogs/the-roll-your-own-papers-blog/the-complete-guide-to-automated-pre-roll-joint-rolling-machine-consumables-rollpros-blackbird-compatible
404-FIX,0.0,404,2025-12-24,,https://www.rollyourownpapers.com/blogs/the-roll-your-own-papers-blog/zero-waste-production-how-to-recycle-trim-amp-dust-from-the-rollpros-blackbird
404-FIX,0.0,404,2025-09-08,,https://www.rollyourownpapers.com/blogs/the-roll-your-own-papers-blog/how-to-choose-the-right-rolling-paper-bobbins-filter-tips-and-glass-tips-for-automated-pre-roll-joint-rolling-machines-like-rollpros-blackbird
404-FIX,0.0,404,2025-12-08,,https://www.rollyourownpapers.com/blogs/the-roll-your-own-papers-blog/scaling-from-10-000-100-000-pre-rolls-per-month-with-the-rollpros-blackbird
404-FIX,0.0,404,2025-12-16,,https://www.rollyourownpapers.com/blogs/the-roll-your-own-papers-blog/rollpros-blackbird-compatible-consumables-guide
404-FIX,0.0,404,2025-12-25,,https://www.rollyourownpapers.com/blogs/the-roll-your-own-papers-blog/custom-matchboxes-business
404-FIX,0.0,404,2025-12-25,,https://www.rollyourownpapers.com/blogs/the-roll-your-own-papers-blog/wholesale-custom-matchboxes
404-FIX,0.0,404,2025-12-12,,https://www.rollyourownpapers.com/blogs/the-roll-your-own-papers-blog/automated-pre-roll-machine-consumables-guide
404-FIX,0.0,404,2025-12-11,,https://www.rollyourownpapers.com/blogs/the-roll-your-own-papers-blog/automated-pre-roll-machine-consumables-rollpros-blackbird-compatible
404-FIX,0.0,404,2025-12-09,,https://www.rollyourownpapers.com/blogs/the-roll-your-own-papers-blog/rollpros-blackbird-guide-tips-and-tricks
404-FIX,0.0,404,2025-12-09,,https://www.rollyourownpapers.com/blogs/the-roll-your-own-papers-blog/rollpros-blackbird-automated-pre-roll-machine-guide
404-FIX,0.0,404,2025-12-25,,https://www.rollyourownpapers.com/blogs/the-roll-your-own-papers-blog/custom-rolling-paper-bobbins-automated-pre-roll-machines
404-FIX,0.0,404,1970-01-01,,https://www.rollyourownpapers.com/blogs/the-roll-your-own-papers-blog/how-much-is-a-bag-of-weed-your-complete-price-guide-2025
404-FIX,0.0,404,1970-01-01,,https://www.rollyourownpapers.com/blogs/the-roll-your-own-papers-blog/how-by-yourown-papers-7-genius-hacks
404-FIX,0.0,404,1970-01-01,,https://www.rollyourownpapers.com/blogs/the-roll-your-own-papers-blog/how-fix-a-broken-cigarette-without-rolling-paper-7-genius-hacks
ALREADY-REDIRECTED,4.4,301,2021-06-07,,https://www.rollyourownpapers.com/blogs/the-roll-your-own-papers-blog/the-top-3-promotional-products-that-work-best-for-marijuana-dispensaries
ALREADY-REDIRECTED,0.0,301,2020-11-18,,https://www.rollyourownpapers.com/blogs/the-roll-your-own-papers-blog/top-10-ways-to-use-cannabis
ALREADY-REDIRECTED,0.0,301,2021-02-05,,https://www.rollyourownpapers.com/blogs/the-roll-your-own-papers-blog/marijuana-packaging-how-to-keep-your-weed-fresh
ALREADY-REDIRECTED,0.0,301,2020-08-31,,https://www.rollyourownpapers.com/blogs/the-roll-your-own-papers-blog/7-questions-to-help-you-find-the-best-cannabis-packaging-provider
ALREADY-REDIRECTED,0.0,301,2021-11-09,,https://www.rollyourownpapers.com/blogs/the-roll-your-own-papers-blog/5-best-selling-cannabis-promotional-products-in-the-united-states
ALREADY-REDIRECTED,0.0,301,2022-04-06,,https://www.rollyourownpapers.com/blogs/the-roll-your-own-papers-blog/4-great-online-cannabis-dispensary-marketing-ideas-to-increase-sales
ALREADY-REDIRECTED,0.0,301,2021-09-28,,https://www.rollyourownpapers.com/blogs/the-roll-your-own-papers-blog/5-cannabis-promotional-products-to-boo-st-your-sales-this-halloween
ALREADY-REDIRECTED,0.0,301,2021-01-27,,https://www.rollyourownpapers.com/blogs/the-roll-your-own-papers-blog/how-to-succeed-as-a-canna-business-owner
ALREADY-REDIRECTED,0.0,301,2024-08-25,,https://www.rollyourownpapers.com/blogs/the-roll-your-own-papers-blog/selecting%20hemp%20rolling%20papers
ALREADY-REDIRECTED,0.0,301,2024-04-02,,https://www.rollyourownpapers.com/blogs/the-roll-your-own-papers-blog/hello@rollyourownpapers.com
ALREADY-REDIRECTED,0.0,301,2020-09-25,,https://www.rollyourownpapers.com/blogs/the-roll-your-own-papers-blog/how-to-differentiate-your-cannabis-packaging
ALREADY-REDIRECTED,0.0,301,2020-08-22,,https://www.rollyourownpapers.com/blogs/the-roll-your-own-papers-blog/the-importance-of-corporate-social-responsibility-for-cannabis-companies-during-covid-19
ALREADY-REDIRECTED,0.0,301,2023-01-18,,https://www.rollyourownpapers.com/blogs/the-roll-your-own-papers-blog/enhancing-customer-experience-in-cannabis-dispensaries-how-swag-can-optimize-your-in-store-strategy
ALREADY-REDIRECTED,0.0,301,2021-01-14,,https://www.rollyourownpapers.com/blogs/the-roll-your-own-papers-blog/get-the-dl-on-starting-your-own-cannabis-business
KEEP-CTA,8.0,200,2026-01-20,How to Keep Pre-Rolls Fresh: The Ultimate Guide to Long-Lasting Join,https://www.rollyourownpapers.com/blogs/the-roll-your-own-papers-blog/how-to-keep-pre-rolls-fresh-the-ultimate-guide-to-long-lasting-joints
KEEP-CTA,7.0,200,2025-12-25,What is a Rolling Paper?  Your Complete 2026 Guide,https://www.rollyourownpapers.com/blogs/the-roll-your-own-papers-blog/what-is-a-rolling-paper-your-complete-2026-guide
KEEP-CTA,7.0,200,2026-01-08,What Does Rolling Paper Look Like?  The Complete Visual Guide,https://www.rollyourownpapers.com/blogs/the-roll-your-own-papers-blog/what-does-rolling-paper-look-like-the-complete-visual-guide
KEEP-CTA,7.0,200,2025-12-29,What Are THCa Pre Rolls? Complete 2026 Guide  Everything You Need t,https://www.rollyourownpapers.com/blogs/the-roll-your-own-papers-blog/what-are-thca-pre-rolls-complete-2026-guide-everything-you-need-to-know
KEEP-CTA,7.0,200,2026-01-16,What Are Pre-Rolls?  The Ultimate Guide to Pre-Rolled Cones,https://www.rollyourownpapers.com/blogs/the-roll-your-own-papers-blog/what-are-pre-rolls-the-ultimate-guide-to-pre-rolled-cones
KEEP-CTA,7.0,200,2026-01-12,What Are Rolling Paper Cones?  The Ultimate Guide to Pre-Rolled Perfe,https://www.rollyourownpapers.com/blogs/the-roll-your-own-papers-blog/what-are-rolling-paper-cones-the-ultimate-guide-to-pre-rolled-perfection
KEEP-CTA,6.0,200,2025-12-09,Where to Buy Rolling Paper Near Me  Your Complete 2025 Guide,https://www.rollyourownpapers.com/blogs/the-roll-your-own-papers-blog/where-to-buy-rolling-paper-near-me-your-complete-2025-guide
KEEP-CTA,6.0,200,2025-12-01,How to Use Rolling Paper:  Your Ultimate Beginner's Guide,https://www.rollyourownpapers.com/blogs/the-roll-your-own-papers-blog/how-to-use-rolling-paper-your-ultimate-beginners-guide
KEEP-CTA,5.0,200,2025-10-21,How Many Pre Rolls in an 8th?  Your Complete Rolling Guide,https://www.rollyourownpapers.com/blogs/the-roll-your-own-papers-blog/how-many-pre-rolls-in-an-8th-your-complete-rolling-guide
KEEP-CTA,5.0,200,2025-10-21,What's the Best Rolling Paper?  Ultimate Guide 2025,https://www.rollyourownpapers.com/blogs/the-roll-your-own-papers-blog/whats-the-best-rolling-paper-your-ultimate-2025-guide
KEEP-CTA,5.0,200,2026-01-07,What Rolling Paper Burns the Slowest?  The Ultimate Guide to Long-L,https://www.rollyourownpapers.com/blogs/the-roll-your-own-papers-blog/what-rolling-paper-burns-the-slowest-the-ultimate-guide-to-long-lasting-sessions
KEEP-CTA,5.0,200,2025-08-05,How Much is Rolling Paper?  Rolling Paper Prices Explained,https://www.rollyourownpapers.com/blogs/the-roll-your-own-papers-blog/how-much-is-rolling-paper-rolling-paper-prices-explained
KEEP-CTA,4.8,200,2026-01-15,Why Cut Corners Rolling Paper?,https://www.rollyourownpapers.com/blogs/the-roll-your-own-papers-blog/why-cut-corners-rolling-paper
KEEP-CTA,4.8,200,2025-08-06,How to Roll with Rolling Paper: The Ultimate Step-by-Step Guide,https://www.rollyourownpapers.com/blogs/the-roll-your-own-papers-blog/how-to-roll-with-rolling-paper-the-ultimate-step-by-step-guide
KEEP-CTA,4.8,200,2025-08-13,How Many Pre Rolls in an Ounce?  (2025 Guide),https://www.rollyourownpapers.com/blogs/the-roll-your-own-papers-blog/how-many-pre-rolls-in-an-ounce-2025-guide
KEEP-CTA,4.7,200,2025-11-25,What Is the Thinnest Rolling Paper?  Your Ultimate Guide to Ultra-F,https://www.rollyourownpapers.com/blogs/the-roll-your-own-papers-blog/what-is-the-thinnest-rolling-paper-your-ultimate-guide-to-ultra-fine-rolls
KEEP-CTA,4.6,200,2025-07-31,How Old Do You Have to Be to Buy Rolling Papers? [2025 Laws & Age Limits],https://www.rollyourownpapers.com/blogs/the-roll-your-own-papers-blog/how-old-do-you-have-to-be-to-buy-rolling-papers-age-limits-laws-faqs-2025-update
KEEP-CTA,4.6,200,2025-12-09,What Size is 1 & 1/4 Rolling Paper?  Your Complete Guide to Perfect,https://www.rollyourownpapers.com/blogs/the-roll-your-own-papers-blog/what-size-is-1-1-4-rolling-paper-your-complete-guide-to-perfect-rolls
KEEP-CTA,4.6,200,2025-10-13,Does Rolling Paper Have Nicotine?  The Complete Truth,https://www.rollyourownpapers.com/blogs/the-roll-your-own-papers-blog/does-rolling-paper-have-nicotine-the-complete-truth
KEEP-CTA,4.6,200,2025-09-23,How to Roll a Joint with Pre-Rolled Cones,https://www.rollyourownpapers.com/blogs/the-roll-your-own-papers-blog/how-to-roll-a-joint-with-pre-rolled-cones
KEEP-CTA,4.5,200,2026-01-06,What is Weed Rolling Paper Called?  All Names & Types Explained,https://www.rollyourownpapers.com/blogs/the-roll-your-own-papers-blog/what-is-weed-rolling-paper-called-all-names-types-explained
KEEP-CTA,4.5,200,2025-09-15,Do Pre-Rolls Expire? Tips to Keep Them Fresh Longer,https://www.rollyourownpapers.com/blogs/the-roll-your-own-papers-blog/do-pre-rolls-expire-tips-to-keep-them-fresh-longer
KEEP-CTA,4.5,200,2026-01-06,How to Get Rolling Paper to Stick: 15 Proven Solutions That Actually,https://www.rollyourownpapers.com/blogs/the-roll-your-own-papers-blog/how-to-get-rolling-paper-to-stick-15-proven-solutions-that-actually-work
KEEP-CTA,4.5,200,2025-11-13,Where to Get Rolling Paper Near Me  Your Complete Local Guide,https://www.rollyourownpapers.com/blogs/the-roll-your-own-papers-blog/where-to-get-rolling-paper-near-me-your-complete-local-guide
KEEP-CTA,4.5,200,2025-07-31,Can You Smoke the Yellow Paper in Rolling Papers? An Honest Answer & A,https://www.rollyourownpapers.com/blogs/the-roll-your-own-papers-blog/can-you-smoke-the-yellow-paper-in-rolling-papers-an-honest-answer-alternatives
KEEP-CTA,4.5,200,2025-12-24,What Are Pre Rolls Weed? Your Complete Guide to Pre-Rolled Joints,https://www.rollyourownpapers.com/blogs/the-roll-your-own-papers-blog/what-are-pre-rolls-weed-your-complete-guide-to-pre-rolled-joints
KEEP-CTA,4.5,200,2025-12-08,What Is Clear Rolling Paper Made Of?  Your Chill Guide to Transpare,https://www.rollyourownpapers.com/blogs/the-roll-your-own-papers-blog/what-is-clear-rolling-paper-made-of-your-chill-guide-to-transparent-rolls
KEEP-CTA,4.5,200,2025-12-24,How Much is Rolling Paper at a Gas Station?,https://www.rollyourownpapers.com/blogs/the-roll-your-own-papers-blog/how-much-is-rolling-paper-at-a-gas-station
KEEP-CTA,4.5,200,2026-02-03,What Size Rolling Paper for a Joint? Your Ultimate 2026 Guide,https://www.rollyourownpapers.com/blogs/the-roll-your-own-papers-blog/what-size-rolling-paper-for-a-joint-your-ultimate-2026-guide
KEEP-CTA,4.5,200,2025-09-08,How to Roll Rolling Paper into a Cone (Ultimate Guide),https://www.rollyourownpapers.com/blogs/the-roll-your-own-papers-blog/how-to-roll-rolling-paper-into-a-cone-ultimate-guide
KEEP-CTA,4.5,200,2025-11-07,How to Roll a Rolling Paper: The Ultimate Step-by-Step Guide,https://www.rollyourownpapers.com/blogs/the-roll-your-own-papers-blog/how-to-roll-a-rolling-paper-the-ultimate-step-by-step-guide
KEEP-CTA,4.5,200,2025-09-08,How to Use Tips with Rolling Paper (Step-by-Step),https://www.rollyourownpapers.com/blogs/the-roll-your-own-papers-blog/how-to-use-tips-with-rolling-paper-step-by-step
KEEP-CTA,4.5,200,2025-11-27,How Is Rolling Paper Made?  The Ultimate Breakdown,https://www.rollyourownpapers.com/blogs/the-roll-your-own-papers-blog/how-is-rolling-paper-made-the-ultimate-breakdown
KEEP-CTA,4.5,200,2025-11-11,What Kind of Paper is Rolling Paper?  The Complete Guide You Actually,https://www.rollyourownpapers.com/blogs/the-roll-your-own-papers-blog/what-kind-of-paper-is-rolling-paper-the-complete-guide-you-actually-need
KEEP-CTA,4.5,200,2025-08-23,How to Roll a Blunt with Rolling Paper (2025 Guide),https://www.rollyourownpapers.com/blogs/the-roll-your-own-papers-blog/how-to-roll-a-blunt-with-rolling-paper-2025-guide
KEEP-CTA,4.5,200,2025-11-18,What Are Pre-Rolls Infused With? The 2025 Ultimate Guide,https://www.rollyourownpapers.com/blogs/the-roll-your-own-papers-blog/what-are-pre-rolls-infused-with-the-2025-ultimate-guide
KEEP-CTA,4.5,200,2025-11-20,Why Do My Pre Rolls Always Canoe?  The Ultimate Guide to Perfect E,https://www.rollyourownpapers.com/blogs/the-roll-your-own-papers-blog/why-do-my-pre-rolls-always-canoe-the-ultimate-guide-to-perfect-even-burns-2025
KEEP-CTA,4.4,200,2025-10-15,How to Make a Filter Out of Rolling Paper: The Complete DIY Guide (2,https://www.rollyourownpapers.com/blogs/the-roll-your-own-papers-blog/how-to-make-a-filter-out-of-rolling-paper-the-complete-diy-guide-2025
KEEP-CTA,4.4,200,2024-09-02,5 Tips for choosing the ultimate pre rolled cone,https://www.rollyourownpapers.com/blogs/the-roll-your-own-papers-blog/5-tips-for-choosing-the-ultimate-pre-rolled-cone-manufacturer
KEEP-CTA,4.4,200,2020-11-17,The Easy Way to Roll with Pre Rolled Cones,https://www.rollyourownpapers.com/blogs/the-roll-your-own-papers-blog/the-easy-way-to-roll-with-pre-rolled-cones
KEEP-CTA,4.4,200,2025-09-08,Which Side of the Rolling Paper Do You Lick?  The Ultimate Guide to,https://www.rollyourownpapers.com/blogs/the-roll-your-own-papers-blog/which-side-of-the-rolling-paper-do-you-lick-the-ultimate-guide-to-rolling-right
KEEP-CTA,4.4,200,2021-01-14,Rolling a Classic Joint: Step-by-step Guide,https://www.rollyourownpapers.com/blogs/the-roll-your-own-papers-blog/rolling-a-classic-joint-step-by-step-guid
KEEP-CTA,4.4,200,2025-07-31,How to Use Pre Roll Cones Like a Pro: Easy Step-by-Step Guide,https://www.rollyourownpapers.com/blogs/the-roll-your-own-papers-blog/how-to-use-pre-roll-cones-like-a-pro-easy-step-by-step-guide
KEEP-CTA,4.4,200,2025-08-22,Where to Buy Rolling Paper (2025 Guide),https://www.rollyourownpapers.com/blogs/the-roll-your-own-papers-blog/where-to-buy-rolling-paper-2025-guide
KEEP-CTA,4.4,200,2024-08-25,Back to Routine: Rolling Papers for Relaxation After a Busy Day,https://www.rollyourownpapers.com/blogs/the-roll-your-own-papers-blog/back-to-routine-rolling-papers-for-relaxation-after-a-busy-day
KEEP-CTA,4.4,200,2025-11-18,How to Make Rolling Paper Stick: Your Ultimate Guide to Perfect Rolls,https://www.rollyourownpapers.com/blogs/the-roll-your-own-papers-blog/how-to-make-rolling-paper-stick-your-ultimate-guide-to-perfect-rolls-every-time
KEEP-CTA,4.4,200,2024-08-25,6 Common Mistakes to Avoid When Choosing Rolling Papers for Your Brand,https://www.rollyourownpapers.com/blogs/the-roll-your-own-papers-blog/6-common-mistakes-to-avoid-when-choosing-rolling-papers-for-your-brand
KEEP-CTA,4.4,200,2025-09-22,Where to Get Rolling Paper: Your Ultimate Guide,https://www.rollyourownpapers.com/blogs/the-roll-your-own-papers-blog/where-to-get-rolling-paper-your-ultimate-guide
KEEP-CTA,4.4,200,2024-11-29,6 Must-Have Smoking Accessories for Stocking Fillers,https://www.rollyourownpapers.com/blogs/the-roll-your-own-papers-blog/6-must-have-smoking-accessories-for-stocking-fillers
KEEP-CTA,4.4,200,2025-08-09,What Are Pre-Rolls?  The Ultimate Guide to Pre-Rolled Joints,https://www.rollyourownpapers.com/blogs/the-roll-your-own-papers-blog/what-are-pre-rolls-the-ultimate-guide-to-pre-rolled-joints
KEEP-CTA,4.4,200,2024-08-29,Creative Ways to Customize Your Rolling Papers,https://www.rollyourownpapers.com/blogs/the-roll-your-own-papers-blog/creative-ways-to-customize-your-rolling-papers
KEEP-CTA,4.4,200,2023-02-19,Smoker's Perfect Choice: The Advantages of Pre-Rolled Cones and Why Th,https://www.rollyourownpapers.com/blogs/the-roll-your-own-papers-blog/smokers-perfect-choice-the-advantages-of-pre-rolled-cones-and-why-theyre-ideal-for-convenient-and-efficient-smoking
KEEP-CTA,4.4,200,2020-11-30,Ways to Improve the Burn Rate of Your Joint with Backwards Rolling An,https://www.rollyourownpapers.com/blogs/the-roll-your-own-papers-blog/ways-to-improve-the-burn-rate-of-your-joint-with-backwards-rolling-and-more
KEEP-CTA,4.4,200,2025-08-03,What Is Rolling Paper Made Of?  The Ultimate Guide to Rolling Paper M,https://www.rollyourownpapers.com/blogs/the-roll-your-own-papers-blog/what-is-rolling-paper-made-of-the-ultimate-guide-to-rolling-paper-materials
KEEP-CTA,4.4,200,2024-09-25,Top 10 Other Uses of Rolling Paper: Number 8 Will Shock You!,https://www.rollyourownpapers.com/blogs/the-roll-your-own-papers-blog/top-10-other-uses-of-rolling-paper-number-8-will-shock-you
KEEP-CTA,4.4,200,2025-10-28,Can Pre Rolls Go Bad?  Your Complete Guide to Keeping Them Fresh,https://www.rollyourownpapers.com/blogs/the-roll-your-own-papers-blog/can-pre-rolls-go-bad-your-complete-guide-to-keeping-them-fresh
KEEP-CTA,4.4,200,2025-08-11,How to Roll Pre-Rolled Cones Like a Pro,https://www.rollyourownpapers.com/blogs/the-roll-your-own-papers-blog/how-to-roll-pre-rolled-cones-like-a-pro
KEEP-CTA,4.4,200,2025-09-04,How to Fill Pre Roll Cones (2025 Guide),https://www.rollyourownpapers.com/blogs/the-roll-your-own-papers-blog/how-to-fill-pre-roll-cones-2025-guide
KEEP-CTA,4.4,200,2025-11-26,Which Side of the Rolling Paper Do You Lick?  The Ultimate Guide to,https://www.rollyourownpapers.com/blogs/the-roll-your-own-papers-blog/which-side-of-the-rolling-paper-do-you-lick-the-ultimate-guide-to-rolling-right?srsltid=AfmBOorREU6kaVePHeOSfPGb-3-6lKhTRhbGZtvtQvk34zpgCR7tRS6E
KEEP-CTA,0.0,200,2024-05-16,Your Comprehensive Guide to Hemp Wraps,https://www.rollyourownpapers.com/blogs/the-roll-your-own-papers-blog/your-comprehensive-guide-to-hemp-wraps
KEEP-CTA,0.0,200,2025-12-08,What is the Healthiest Rolling Paper?  Your Chill Guide for 2025,https://www.rollyourownpapers.com/blogs/the-roll-your-own-papers-blog/what-is-the-healthiest-rolling-paper-your-chill-guide-for-2025
KEEP-CTA,0.0,200,2024-03-21,Ultimate Guide to Rolling Papers: Find Your Perfect Roll,https://www.rollyourownpapers.com/blogs/the-roll-your-own-papers-blog/ultimate-guide-to-rolling-papers-find-your-perfect-roll
KEEP-CTA,0.0,200,2025-12-29,What is the Best Rolling Paper for Cigarettes?  (Bonus: Custom Rollin,https://www.rollyourownpapers.com/blogs/the-roll-your-own-papers-blog/what-is-the-best-rolling-paper-for-cigarettes-bonus-custom-rolling-papers-tips
KEEP-CTA,0.0,200,2026-01-30,How to Tuck the Paper When Rolling: The Ultimate Guide,https://www.rollyourownpapers.com/blogs/the-roll-your-own-papers-blog/how-to-tuck-the-paper-when-rolling-the-ultimate-guide
KEEP-CTA,0.0,200,2023-01-18,Rolling Papers 101: How to Choose the Right Type For you,https://www.rollyourownpapers.com/blogs/the-roll-your-own-papers-blog/rolling-papers-101-how-to-choose-the-right-type-for-you
KEEP-CTA,0.0,200,2020-07-21,The Different Types of Rolling Papers Explained,https://www.rollyourownpapers.com/blogs/the-roll-your-own-papers-blog/the-different-types-of-rolling-papers-explained
KEEP-CTA,0.0,200,2025-12-24,How to Use Rolling Paper Cannabi: The Ultimate Step-by-Step Guide fo,https://www.rollyourownpapers.com/blogs/the-roll-your-own-papers-blog/how-to-use-rolling-paper-cannabi-the-ultimate-step-by-step-guide-for-beginners
KEEP-CTA,0.0,200,2025-12-24,When Was Rolling Paper Invented?  A Journey Through Rolling Paper His,https://www.rollyourownpapers.com/blogs/the-roll-your-own-papers-blog/when-was-rolling-paper-invented-a-journey-through-rolling-paper-history
KEEP-CTA,0.0,200,2025-12-24,Where Can I Buy Rolling Paper? The Ultimate 2026 Guide,https://www.rollyourownpapers.com/blogs/the-roll-your-own-papers-blog/where-can-i-buy-rolling-paper-the-ultimate-2026-guide
KEEP-CTA,0.0,200,2025-03-02,The TOP 10 Reasons Pre Roll Products Are So Popular,https://www.rollyourownpapers.com/blogs/the-roll-your-own-papers-blog/10-reasons-pre-roll-products-are-so-popular
KEEP-CTA,0.0,200,2025-11-07,Is Rolling Paper Harmful? What You Need to Know About Safety,https://www.rollyourownpapers.com/blogs/the-roll-your-own-papers-blog/is-rolling-paper-harmful-what-you-need-to-know-about-safety
KEEP-CTA,0.0,200,2026-01-27,What Does Rolling Paper Mean?  Your Complete Guide to Understanding,https://www.rollyourownpapers.com/blogs/the-roll-your-own-papers-blog/what-does-rolling-paper-mean-your-complete-guide-to-understanding-this-essential-tool
KEEP-CTA,0.0,200,2023-05-03,What Rolling Papers Sizes available and what are they good for?,https://www.rollyourownpapers.com/blogs/the-roll-your-own-papers-blog/what-rolling-papers-sizes-available-and-what-are-they-good-for
KEEP-CTA,0.0,200,2024-04-04,The Only Guide You Need To Pre Roll a Joint,https://www.rollyourownpapers.com/blogs/the-roll-your-own-papers-blog/the-only-guide-you-need-to-pre-roll-a-joint
KEEP-CTA,0.0,200,2025-09-26,How to Roll a Joint with Rolling Paper: Step-by-Step Guide,https://www.rollyourownpapers.com/blogs/the-roll-your-own-papers-blog/how-to-roll-a-joint-with-rolling-paper-step-by-step-guide
KEEP-CTA,0.0,200,2020-04-02,Pre-Rolled Cones - The Future of Rolling,https://www.rollyourownpapers.com/blogs/the-roll-your-own-papers-blog/the-decline-of-booklets-and-the-rise-of-pre-roll-cones
KEEP-CTA,0.0,200,2026-01-29,How Many Pre Rolls Come in a Pack? Your Complete 2026 Guide,https://www.rollyourownpapers.com/blogs/the-roll-your-own-papers-blog/how-many-pre-rolls-come-in-a-pack-your-complete-2026-guide
KEEP-CTA,0.0,200,2024-06-04,The Ultimate Guide to Storing Your Rolling Papers,https://www.rollyourownpapers.com/blogs/the-roll-your-own-papers-blog/the-ultimate-guide-to-storing-your-rolling-papers
KEEP-CTA,0.0,200,2023-01-25,Revolutionising Rolling: The Convenience and Benefits of Pre Rolled Co,https://www.rollyourownpapers.com/blogs/the-roll-your-own-papers-blog/revolutionising-rolling-the-convenience-and-benefits-of-pre-rolled-cones
KEEP-CTA,0.0,200,2025-11-07,Why Is My Rolling Paper Not Sticking?  The Complete Fix Guide (2025),https://www.rollyourownpapers.com/blogs/the-roll-your-own-papers-blog/why-is-my-rolling-paper-not-sticking-the-complete-fix-guide-2025
KEEP-CTA,0.0,200,2024-04-25,Pre-Rolled Cones vs Rolling Papers: which is the better choice for you,https://www.rollyourownpapers.com/blogs/the-roll-your-own-papers-blog/pre-rolled-cones-vs-rolling-papers-which-is-the-better-choice-for-you
KEEP-CTA,0.0,200,2024-05-09,Busting the Myths: The Truth Behind 5 Claims Made by RAW Rolling Paper,https://www.rollyourownpapers.com/blogs/the-roll-your-own-papers-blog/busting-the-myths-the-truth-behind-5-claims-made-by-raw-rolling-papers
KEEP-CTA,0.0,200,2023-05-13,Types of Rolling Papers - Which Type is Best for You?,https://www.rollyourownpapers.com/blogs/the-roll-your-own-papers-blog/rolling-papers-what-are-rolling-papers
KEEP-CTA,0.0,200,2024-07-10,Discovering the Perfect Rolling Paper: A Comprehensive Comparison,https://www.rollyourownpapers.com/blogs/the-roll-your-own-papers-blog/discovering-the-perfect-rolling-paper-a-comprehensive-comparison
KEEP-CTA,0.0,200,2026-03-26,What's the Best Rolling Paper?  Ultimate Guide 2025,https://www.rollyourownpapers.com/blogs/the-roll-your-own-papers-blog/whats-the-best-rolling-paper-your-ultimate-2025-guide?srsltid=AfmBOoojST4nVuhJeGGfxIYjmD_hBA03ffiUebP4C43y1MMTi6iabzlb
KEEP-CTA,0.0,200,2026-01-09,What's the Best Rolling Paper?  Ultimate Guide 2025,https://www.rollyourownpapers.com/blogs/the-roll-your-own-papers-blog/whats-the-best-rolling-paper-your-ultimate-2025-guide?srsltid=AfmBOoopPiEpZWFtXIi_SKkkRM5vnCA8jCiWk1ndkcoyVVN7egXd7SPO
KEEP-CTA,0.0,200,2025-11-11,How Old Do You Have to Be to Buy Rolling Papers? [2025 Laws & Age Limits],https://www.rollyourownpapers.com/blogs/the-roll-your-own-papers-blog/how-old-do-you-have-to-be-to-buy-rolling-papers-age-limits-laws-faqs-2025-update?srsltid=AfmBOorzDdwDXqJCwbQlSyrleAXiOv9_jRkCzJMeuT3ICkK4ofpkIiWw
KEEP-CTA,0.0,200,2025-11-11,How Old Do You Have to Be to Buy Rolling Papers? [2025 Laws & Age Limits],https://www.rollyourownpapers.com/blogs/the-roll-your-own-papers-blog/how-old-do-you-have-to-be-to-buy-rolling-papers-age-limits-laws-faqs-2025-update?srsltid=AfmBOoqJqLzLXp3PmUg9WBs7aisQ53CSeyzAdY2tU2nNaUvIaDb_Ifpw
KEEP-CTA,0.0,200,2026-03-21,What Rolling Paper Burns the Slowest?  The Ultimate Guide to Long-L,https://www.rollyourownpapers.com/blogs/the-roll-your-own-papers-blog/what-rolling-paper-burns-the-slowest-the-ultimate-guide-to-long-lasting-sessions?srsltid=AfmBOoq3hpJ9CwSk5I8lfsSddSwgNoPpLLg6YT844hRp3NIZlkzWoJm8
KEEP-CTA,0.0,200,2025-11-11,How Old Do You Have to Be to Buy Rolling Papers? [2025 Laws & Age Limits],https://www.rollyourownpapers.com/blogs/the-roll-your-own-papers-blog/how-old-do-you-have-to-be-to-buy-rolling-papers-age-limits-laws-faqs-2025-update?srsltid=AfmBOorYJg_MXvtG7HMP80mlz5ko7-6cJiUvlBECFfbIxsYergdXZ6z-
KEEP-CTA,0.0,200,2026-02-24,How to Tuck the Paper When Rolling: The Ultimate Guide,https://www.rollyourownpapers.com/blogs/the-roll-your-own-papers-blog/how-to-tuck-the-paper-when-rolling-the-ultimate-guide?srsltid=AfmBOopCDwX6c_X1NgpsPJwX4uz57AdXn5xnkI3G20OPlnRsmwU2KMTQ
KEEP-CTA,0.0,200,2026-03-21,What's the Best Rolling Paper?  Ultimate Guide 2025,https://www.rollyourownpapers.com/blogs/the-roll-your-own-papers-blog/whats-the-best-rolling-paper-your-ultimate-2025-guide?srsltid=AfmBOooUnKBgMf9gOOmm9PdJ12XQGXijlnzc3dDCem5AB939q0tD4KZi
KEEP-CTA,0.0,200,2026-04-05,How to Use Pre Roll Cones Like a Pro: Easy Step-by-Step Guide,https://www.rollyourownpapers.com/blogs/the-roll-your-own-papers-blog/how-to-use-pre-roll-cones-like-a-pro-easy-step-by-step-guide?srsltid=AfmBOopS3wEAUlAaHYfsXCBXzIQNT7hWeESOgpZOD7SZWkTYzulOTdjN
KEEP-CTA,0.0,200,2025-11-11,How Old Do You Have to Be to Buy Rolling Papers? [2025 Laws & Age Limits],https://www.rollyourownpapers.com/blogs/the-roll-your-own-papers-blog/how-old-do-you-have-to-be-to-buy-rolling-papers-age-limits-laws-faqs-2025-update?srsltid=AfmBOoq3o467l4rvXnc-yPbE1dwRzLu4g4BFat4862TjjK5IjwTMOOxt
KEEP-CTA,0.0,200,2025-12-21,How Old Do You Have to Be to Buy Rolling Papers? [2025 Laws & Age Limits],https://www.rollyourownpapers.com/blogs/the-roll-your-own-papers-blog/how-old-do-you-have-to-be-to-buy-rolling-papers-age-limits-laws-faqs-2025-update?srsltid=AfmBOorPihxsspnXuCUiHmIGTP9AJaASOzlNsOVkHPQxp2hfddsAIjQQ
KEEP-CTA,0.0,200,2025-11-14,How Old Do You Have to Be to Buy Rolling Papers? [2025 Laws & Age Limits],https://www.rollyourownpapers.com/blogs/the-roll-your-own-papers-blog/how-old-do-you-have-to-be-to-buy-rolling-papers-age-limits-laws-faqs-2025-update?srsltid=AfmBOoqMXq5R8L6GtmwRzX8RvdMrQbZY1n5xwZd43Va_93pMK9m9yDWJ
KEEP-COMMERCIAL,8.0,200,2026-04-15,How to Market Custom Rolling Papers and Actually Stand Out,https://www.rollyourownpapers.com/blogs/the-roll-your-own-papers-blog/how-to-market-custom-rolling-papers
KEEP-COMMERCIAL,8.0,200,2026-04-10,Why Custom Lighters with Logo Beat Every Other Promo in 2026,https://www.rollyourownpapers.com/blogs/the-roll-your-own-papers-blog/custom-lighters-with-logo-beat-every-promo-2026
KEEP-COMMERCIAL,8.0,200,2026-04-21,Rolling Accessories Business Ideas That Actually Profit in 2026,https://www.rollyourownpapers.com/blogs/the-roll-your-own-papers-blog/rolling-accessories-business-ideas-2026
KEEP-COMMERCIAL,8.0,200,2026-04-17,How to Start a Profitable Rolling Accessories Business in 2026,https://www.rollyourownpapers.com/blogs/the-roll-your-own-papers-blog/how-to-start-a-rolling-accessories-business
KEEP-COMMERCIAL,7.0,200,2026-01-12,Order Custom Matchbooks: The Ultimate 2026 Guide,https://www.rollyourownpapers.com/blogs/the-roll-your-own-papers-blog/order-custom-matchbooks-the-ultimate-2026-guide
KEEP-COMMERCIAL,7.0,200,2026-03-30,Personalized Rolling Papers for Events That Guests Actually Keep,https://www.rollyourownpapers.com/blogs/the-roll-your-own-papers-blog/personalized-rolling-papers-for-events
KEEP-COMMERCIAL,7.0,200,2025-12-12,Custom Matchbooks for Business: The Ultimate 2025 Branding Guide,https://www.rollyourownpapers.com/blogs/the-roll-your-own-papers-blog/custom-matchbooks-for-business-the-ultimate-2025-branding-guide
KEEP-COMMERCIAL,7.0,200,2026-01-08,Custom Logo Matchbooks: The Ultimate 2026 Guide,https://www.rollyourownpapers.com/blogs/the-roll-your-own-papers-blog/custom-logo-matchbooks-the-ultimate-2026-guide
KEEP-COMMERCIAL,7.0,200,2026-04-24,Wholesale Rolling Papers for Dispensaries: Your 2026 Sourcing Guide,https://www.rollyourownpapers.com/blogs/the-roll-your-own-papers-blog/wholesale-rolling-papers-for-dispensaries-2026-sourcing-guide
KEEP-COMMERCIAL,6.0,200,2026-03-27,Custom Rolling Papers With Logo: Your Brand's Secret Weapon in 2026,https://www.rollyourownpapers.com/blogs/the-roll-your-own-papers-blog/custom-rolling-papers-with-logo-brand-secret-weapon-2026
KEEP-COMMERCIAL,6.0,200,2025-12-01,Matchboxes with Custom Logo  Your Ultimate Guide to Personalized Sp,https://www.rollyourownpapers.com/blogs/the-roll-your-own-papers-blog/matchboxes-with-custom-logo-your-ultimate-guide-to-personalized-sparks
KEEP-COMMERCIAL,6.0,200,2026-04-07,How to Buy Custom Pre-Rolled Cones Wholesale in 2026,https://www.rollyourownpapers.com/blogs/the-roll-your-own-papers-blog/how-to-buy-custom-pre-rolled-cones-wholesale-2026
KEEP-COMMERCIAL,6.0,200,2025-12-09,"Custom Photo Matchboxes: The Ultimate Guide for Weddings, Events &",https://www.rollyourownpapers.com/blogs/the-roll-your-own-papers-blog/custom-photo-matchboxes-the-ultimate-guide-for-weddings-events-amp-personalized-gifts
KEEP-COMMERCIAL,5.0,200,2025-12-10,Where to Get Custom Lighters: The Ultimate 2025 Guide,https://www.rollyourownpapers.com/blogs/the-roll-your-own-papers-blog/where-to-get-custom-lighters-the-ultimate-2025-guide
KEEP-COMMERCIAL,5.0,200,2026-01-07,Custom Cannabis Products: The Ultimate Guide to Branded Marijuana Ac,https://www.rollyourownpapers.com/blogs/the-roll-your-own-papers-blog/custom-cannabis-products-the-ultimate-guide-to-branded-marijuana-accessories-in-2026
KEEP-COMMERCIAL,5.0,200,2025-12-15,Custom Matchboxes: Your Go-To Guide for Personalized Sparks in 2026,https://www.rollyourownpapers.com/blogs/the-roll-your-own-papers-blog/custom-matchboxes-your-go-to-guide-for-personalized-sparks-in-2026
KEEP-COMMERCIAL,4.9,200,2026-01-15,Custom Matchbooks Bulk: The Ultimate 2026 Buyer's Guide,https://www.rollyourownpapers.com/blogs/the-roll-your-own-papers-blog/custom-matchbooks-bulk-the-ultimate-2026-buyers-guide
KEEP-COMMERCIAL,4.9,200,2025-11-28,Custom Matchboxes Wholesale:  The Ultimate Guide for Bulk Personali,https://www.rollyourownpapers.com/blogs/the-roll-your-own-papers-blog/custom-matchboxes-wholesale-the-ultimate-guide-for-bulk-personalized-matches-in-2025
KEEP-COMMERCIAL,4.8,200,2026-01-15,How to Coat Pre Rolls: The Ultimate Guide to Creating Premium Products,https://www.rollyourownpapers.com/blogs/the-roll-your-own-papers-blog/how-to-coat-pre-rolls-the-ultimate-guide-to-creating-premium-products
KEEP-COMMERCIAL,4.6,200,2026-04-02,How to Nail Your Branded Rolling Papers Bulk Order in 2026,https://www.rollyourownpapers.com/blogs/the-roll-your-own-papers-blog/branded-rolling-papers-bulk-order-2026
KEEP-COMMERCIAL,4.6,200,2025-12-09,Custom Matchboxes Bulk: The Ultimate 2025 Guide to Wholesale Matches,https://www.rollyourownpapers.com/blogs/the-roll-your-own-papers-blog/custom-matchboxes-bulk-the-ultimate-2025-guide-to-wholesale-matches
KEEP-COMMERCIAL,4.6,200,2022-06-13,6 EASY STEPS TO MANUFACTURE YOUR OWN CUSTOM ROLLING TRAY,https://www.rollyourownpapers.com/blogs/the-roll-your-own-papers-blog/6-easy-steps-to-manufacture-your-own-custom-rolling-tray
KEEP-COMMERCIAL,4.5,200,2025-12-16,Why Custom Rolling Papers Matter for Brand Building: The Complete Gu,https://www.rollyourownpapers.com/blogs/the-roll-your-own-papers-blog/why-custom-rolling-papers-matter-for-brand-building-the-complete-guide
KEEP-COMMERCIAL,4.5,200,2024-12-04,How Custom Rolling Papers Are Made: 7 Easy Steps!,https://www.rollyourownpapers.com/blogs/the-roll-your-own-papers-blog/how-custom-rolling-papers-are-made-7-easy-steps
KEEP-COMMERCIAL,4.5,200,2025-12-16,Custom Matchbooks for Wedding: The Ultimate 2025 Guide to Personaliz,https://www.rollyourownpapers.com/blogs/the-roll-your-own-papers-blog/custom-matchbooks-for-wedding-the-ultimate-2025-guide-to-personalized-matches
KEEP-COMMERCIAL,4.5,200,2026-01-30,Custom Cannabis Packaging: The Complete 2026 Guide to Branding & Com,https://www.rollyourownpapers.com/blogs/the-roll-your-own-papers-blog/custom-cannabis-packaging-the-complete-2026-guide-to-branding-compliance
KEEP-COMMERCIAL,4.5,200,2022-03-29,HOW TO START A SUCCESSFUL CUSTOM ROLLING PAPER BRAND,https://www.rollyourownpapers.com/blogs/the-roll-your-own-papers-blog/how-to-start-a-successful-custom-rolling-paper-brand
KEEP-COMMERCIAL,4.5,200,2025-10-10,What is Hemp Rolling Paper?  Everything You Need to Know in 2025,https://www.rollyourownpapers.com/blogs/the-roll-your-own-papers-blog/what-is-hemp-rolling-paper-everything-you-need-to-know-in-2025
KEEP-COMMERCIAL,4.4,200,2024-08-26,How to 10x Your Dispensary Sales with This 1 Simple Hack,https://www.rollyourownpapers.com/blogs/the-roll-your-own-papers-blog/how-to-10x-your-dispensary-sales-with-this-1-simple-hack
KEEP-COMMERCIAL,4.4,200,2025-03-02,SWAG TO KEEP YOUR PROFITS HIGH,https://www.rollyourownpapers.com/blogs/the-roll-your-own-papers-blog/swag-to-keep-your-profits-high
KEEP-COMMERCIAL,4.4,200,2025-12-11,How to Make Custom Matchboxes: 7+ Easy DIY Methods (2025 Guide),https://www.rollyourownpapers.com/blogs/the-roll-your-own-papers-blog/how-to-make-custom-matchboxes-7-easy-diy-methods-2025-guide
KEEP-COMMERCIAL,4.4,200,2025-03-02,5 Herb Promotional Products to BOO-st your sales This Halloween,https://www.rollyourownpapers.com/blogs/the-roll-your-own-papers-blog/5-herb-promotional-products-to-boo-st-your-sales-this-halloween
KEEP-COMMERCIAL,4.4,200,2025-02-06,The TOP 3 Promotional Products That Work Best For Herb Dispensaries,https://www.rollyourownpapers.com/blogs/the-roll-your-own-papers-blog/the-top-3-promotional-products-that-work-best-for-herb-dispensaries
KEEP-COMMERCIAL,4.4,200,2025-02-06,5 UNIQUE HERB PROMOTIONAL PRODUCTS TO GET CLIENTS REMEMBERING YOUR DIS,https://www.rollyourownpapers.com/blogs/the-roll-your-own-papers-blog/5-unique-herb-promotional-products-to-get-clients-remembering-your-dispensary
KEEP-COMMERCIAL,4.4,200,2024-12-24,5 Mind-Blowing Ways Custom Swag Takes Your Dispensary's Success to the,https://www.rollyourownpapers.com/blogs/the-roll-your-own-papers-blog/5-mind-blowing-ways-custom-herb-swag-takes-your-dispensarys-success-to-the-next-level
KEEP-COMMERCIAL,4.4,200,2025-02-05,How Great Packaging Can Help Grow Your Herb Brand,https://www.rollyourownpapers.com/blogs/the-roll-your-own-papers-blog/how-great-packaging-can-help-grow-your-herb-brand
KEEP-COMMERCIAL,4.4,200,2023-06-13,Unconventional Business Cards: Rolling Paper Booklets as a Perfect Cho,https://www.rollyourownpapers.com/blogs/the-roll-your-own-papers-blog/unconventional-business-cards-rolling-paper-booklets-as-a-perfect-choice-for-realtors-musicians-djs-and-more
KEEP-COMMERCIAL,4.4,200,2025-02-06,5 Lucrative Ideas To Make Money In The Herb Industry,https://www.rollyourownpapers.com/blogs/the-roll-your-own-papers-blog/5-lucrative-ideas-to-make-money-in-the-herb-industry
KEEP-COMMERCIAL,4.4,200,2022-06-07,TOP 10 Smoking Promotional Products For Dispensaries,https://www.rollyourownpapers.com/blogs/the-roll-your-own-papers-blog/top-10-smoking-promotional-products-for-dispensaries
KEEP-COMMERCIAL,4.4,200,2025-02-06,10 Ways to Help YOU Make Money In the Herb Industry,https://www.rollyourownpapers.com/blogs/the-roll-your-own-papers-blog/10-ways-to-help-you-make-money-in-the-herb-industry
KEEP-COMMERCIAL,4.4,200,2025-02-06,Enhancing Customer Experience in Herb Dispensaries: How SWAG Can Optim,https://www.rollyourownpapers.com/blogs/the-roll-your-own-papers-blog/enhancing-customer-experience-in-dispensaries-how-swag-can-optimize-your-in-store-strategy
KEEP-COMMERCIAL,4.4,200,2026-03-25,Custom Rolling Paper MOQ  The Complete Guide to Minimum Order Quantities,https://www.rollyourownpapers.com/blogs/the-roll-your-own-papers-blog/custom-rolling-paper-moq
KEEP-COMMERCIAL,4.4,200,2025-11-27,How to Make Custom Lighters: Ultimate DIY Guide,https://www.rollyourownpapers.com/blogs/the-roll-your-own-papers-blog/how-to-make-custom-lighters-ultimate-diy-guide
KEEP-COMMERCIAL,4.4,200,2025-02-06,5 of the HOTTEST Promotional Products for 4/20,https://www.rollyourownpapers.com/blogs/the-roll-your-own-papers-blog/5-of-the-hottest-promotional-products-for-4-20
KEEP-COMMERCIAL,4.4,200,2026-03-25,Custom Rolling Paper Design Guide (2026 Update)  - Free Templates,https://www.rollyourownpapers.com/blogs/the-roll-your-own-papers-blog/custom-rolling-paper-design-guide
KEEP-COMMERCIAL,4.4,200,2025-11-27,How to Make Custom Matches: Your Ultimate 2025 DIY Guide,https://www.rollyourownpapers.com/blogs/the-roll-your-own-papers-blog/how-to-make-custom-matches-your-ultimate-2025-diy-guide
KEEP-COMMERCIAL,4.4,200,2025-12-08,Custom Matchbooks: The Ultimate Guide to Personalized Matches in 202,https://www.rollyourownpapers.com/blogs/the-roll-your-own-papers-blog/custom-matchbooks-the-ultimate-guide-to-personalized-matches-in-2025
KEEP-COMMERCIAL,4.4,200,2025-02-05,5 Herb Business Ideas You Can Start From Home,https://www.rollyourownpapers.com/blogs/the-roll-your-own-papers-blog/5-herb-business-ideas-you-can-start-from-home
KEEP-COMMERCIAL,4.4,200,2023-02-09,Unleashing the Power of Custom Promo in Your Thai Dispensary,https://www.rollyourownpapers.com/blogs/the-roll-your-own-papers-blog/unleashing-the-power-of-custom-promo-in-your-thai-dispensary
KEEP-COMMERCIAL,4.4,200,2025-12-04,Custom Matchbooks with Logo: The Cool Way to Spark Your Brand in 20,https://www.rollyourownpapers.com/blogs/the-roll-your-own-papers-blog/custom-matchbooks-with-logo-the-cool-way-to-spark-your-brand-in-2026
KEEP-COMMERCIAL,4.4,200,2024-06-13,Why Custom Lighters Are the Perfect Giveaway for Any Occasion,https://www.rollyourownpapers.com/blogs/the-roll-your-own-papers-blog/why-custom-lighters-are-the-giveaway-for-any-occasion
KEEP-COMMERCIAL,4.4,200,2024-12-24,The Ultimate Guide to Custom Rolling Papers: Elevate Your Smoking Expe,https://www.rollyourownpapers.com/blogs/the-roll-your-own-papers-blog/the-ultimate-guide-to-custom-roll-papers-elevate-your-smoking-experience
KEEP-COMMERCIAL,4.4,200,2023-11-14,Unveiling the Magic of the Smoke Buddy: Your Ultimate Smoke Odor Solut,https://www.rollyourownpapers.com/blogs/the-roll-your-own-papers-blog/unveiling-the-magic-of-the-smoke-buddy-your-ultimate-smoke-odor-solution
KEEP-COMMERCIAL,4.4,200,2023-06-08,Roll Your Way to Success: Start Your Own Rolling Paper Brand Today!,https://www.rollyourownpapers.com/blogs/the-roll-your-own-papers-blog/roll-your-way-to-success-start-your-own-rolling-paper-brand-today
KEEP-COMMERCIAL,4.4,200,2025-03-02,5 Reasons Your Brand Needs Custom Swag,https://www.rollyourownpapers.com/blogs/the-roll-your-own-papers-blog/5-reasons-your-brand-needs-custom-swag
KEEP-COMMERCIAL,4.4,200,2023-02-10,Adding Color to Your Smoke: The Benefits of Coloured Pre-Rolled Cones,https://www.rollyourownpapers.com/blogs/the-roll-your-own-papers-blog/adding-color-to-your-smoke-the-benefits-of-coloured-pre-rolled-cones
KEEP-COMMERCIAL,4.4,200,2025-02-06,5 BEST SELLING HERB PROMOTIONAL PRODUCTS IN THE UNITED STATES,https://www.rollyourownpapers.com/blogs/the-roll-your-own-papers-blog/5-best-selling-promotional-products-in-the-united-states
KEEP-COMMERCIAL,4.4,200,2025-08-20,How to Start a Rolling Paper Business in 2025 (Step-by-Step),https://www.rollyourownpapers.com/blogs/the-roll-your-own-papers-blog/how-to-start-a-rolling-paper-business-in-2025-step-by-step
KEEP-COMMERCIAL,4.4,200,2025-03-13,HOW TO START A SUCCESSFUL CUSTOM ROLLING PAPER BRAND  Page 3,https://www.rollyourownpapers.com/blogs/the-roll-your-own-papers-blog/how-to-start-a-successful-custom-rolling-paper-brand?page=3
KEEP-COMMERCIAL,4.4,200,2025-03-13,HOW TO START A SUCCESSFUL CUSTOM ROLLING PAPER BRAND  Page 2,https://www.rollyourownpapers.com/blogs/the-roll-your-own-papers-blog/how-to-start-a-successful-custom-rolling-paper-brand?page=2
KEEP-COMMERCIAL,0.0,200,2025-12-08,How to Make Custom Lighters with Pictures  Your Ultimate DIY Guide,https://www.rollyourownpapers.com/blogs/the-roll-your-own-papers-blog/how-to-make-custom-lighters-with-pictures-your-ultimate-diy-guide
KEEP-COMMERCIAL,0.0,200,2025-03-02,The Importance of Corporate Social Responsibility for Herb Companies D,https://www.rollyourownpapers.com/blogs/the-roll-your-own-papers-blog/the-importance-of-corporate-social-responsibility-for-herb-companies-during-covid-19
KEEP-COMMERCIAL,0.0,200,2020-05-15,Branding and Dope,https://www.rollyourownpapers.com/blogs/the-roll-your-own-papers-blog/branding-and-dope
KEEP-COMMERCIAL,0.0,200,2025-03-02,Get the DL On Starting Your Own Herb Business,https://www.rollyourownpapers.com/blogs/the-roll-your-own-papers-blog/get-the-dl-on-starting-your-own-herb-business
KEEP-COMMERCIAL,0.0,200,2020-08-05,10 Ways to Create Herb Packaging That Sells,https://www.rollyourownpapers.com/blogs/the-roll-your-own-papers-blog/10-ways-to-create-canna-packaging-that-sells
KEEP-COMMERCIAL,0.0,200,2025-02-06,Herb Packaging Innovations and Increasing Consumer Options,https://www.rollyourownpapers.com/blogs/the-roll-your-own-papers-blog/herb-packaging-innovations-and-increasing-consumer-options
KEEP-COMMERCIAL,0.0,200,2025-02-06,Child-Resistant Herb Packaging Thats Attractive to Adults,https://www.rollyourownpapers.com/blogs/the-roll-your-own-papers-blog/child-resistant-herb-packaging-that-s-attractive-to-adults
KEEP-COMMERCIAL,0.0,200,2025-02-06,How Herb Companies Need to Evolve Post-Covid-19,https://www.rollyourownpapers.com/blogs/the-roll-your-own-papers-blog/how-herb-companies-need-to-evolve-post-covid-19
KEEP-COMMERCIAL,0.0,200,2023-04-19,Custom rolling papers are a cutting-edge technique for companies to pr,https://www.rollyourownpapers.com/blogs/the-roll-your-own-papers-blog/custom-rolling-papers-are-a-cutting-edge-technique-for-companies-to-promote-their-brand-and-develop-a-distinctive-marketing-plan
KEEP-COMMERCIAL,0.0,200,2026-01-30,Custom Matchbooks Low Minimum: Affordable Personalized Options for A,https://www.rollyourownpapers.com/blogs/the-roll-your-own-papers-blog/custom-matchbooks-low-minimum-affordable-personalized-options-for-any-occasion
KEEP-COMMERCIAL,0.0,200,2025-03-02,How To Differentiate Your Herb Packaging,https://www.rollyourownpapers.com/blogs/the-roll-your-own-papers-blog/how-to-differentiate-your-herb-packaging
KEEP-COMMERCIAL,0.0,200,2025-02-06,How to Succeed As a Herb-business Owner,https://www.rollyourownpapers.com/blogs/the-roll-your-own-papers-blog/how-to-succeed-as-a-herb-business-owner
KEEP-COMMERCIAL,0.0,200,2025-12-24,Avoiding Compliance Fines  How to Label & Track Pre-Rolls Made Wit,https://www.rollyourownpapers.com/blogs/the-roll-your-own-papers-blog/avoiding-compliance-fines-how-to-label-track-pre-rolls-made-with-the-blackbird
KEEP-COMMERCIAL,0.0,200,2026-03-25,"Custom Rolling Paper Sizes Guide (2026): 1 1/4, King Size & More",https://www.rollyourownpapers.com/blogs/the-roll-your-own-papers-blog/custom-rolling-paper-sizes
KEEP-COMMERCIAL,0.0,200,2025-12-24,How to Make Custom Lighters with Cricut: Complete 2026 Guide,https://www.rollyourownpapers.com/blogs/the-roll-your-own-papers-blog/how-to-make-custom-lighters-with-cricut-complete-2026-guide
KEEP-COMMERCIAL,0.0,200,2025-12-24,"Custom Printed Matchboxes: Small Box, Big Impression",https://www.rollyourownpapers.com/blogs/the-roll-your-own-papers-blog/custom-printed-matchboxes-small-box-big-impression
KEEP-COMMERCIAL,0.0,200,2024-05-23,Top 4 Reasons to Switch to Hemp Wraps Today,https://www.rollyourownpapers.com/blogs/the-roll-your-own-papers-blog/top-4-reasons-to-switch-to-hemp-wraps-today
KEEP-COMMERCIAL,0.0,200,2024-04-01,Custom Rolling Papers vs. Pre-Rolled Cones: A Comprehensive Guide to E,https://www.rollyourownpapers.com/blogs/the-roll-your-own-papers-blog/custom-rolling-papers-vs-pre-rolled-cones-a-comprehensive-guide-to-enhancing-your-smoking-experience
KEEP-COMMERCIAL,0.0,200,2021-06-16,How To Increase Your Dispensary Branding with Custom Rolling Papers,https://www.rollyourownpapers.com/blogs/the-roll-your-own-papers-blog/how-to-increase-your-dispensary-branding-with-custom-rolling-papers
KEEP-COMMERCIAL,0.0,200,2026-02-03,Best Custom Matchbooks: The Ultimate Guide to Personalized Sparks in,https://www.rollyourownpapers.com/blogs/the-roll-your-own-papers-blog/best-custom-matchbooks-the-ultimate-guide-to-personalized-sparks-in-2026
KEEP-COMMERCIAL,0.0,200,2023-03-22,Custom Rolling Papers: How to Create Your Own Rolling Papers Brand in,https://www.rollyourownpapers.com/blogs/the-roll-your-own-papers-blog/custom-rolling-papers-how-to-create-your-own-rolling-papers-brand-in-thailand-oem-rolling-papers
KEEP-COMMERCIAL,0.0,200,2025-03-02,How to Quickly Join the Herb Industry & Start Making Cash (+ FREE con,https://www.rollyourownpapers.com/blogs/the-roll-your-own-papers-blog/how-to-quickly-join-the-herb-industry-start-making-cash-free-consultation-to-find-the-best-herb-promotional-products-for-you
KEEP-COMMERCIAL,0.0,200,2023-11-14,Get 150+ Booklets of Custom Rolling Papers Now!,https://www.rollyourownpapers.com/blogs/the-roll-your-own-papers-blog/get-150-booklets-of-custom-rolling-papers-now
KEEP-COMMERCIAL,0.0,200,2020-02-04,Why Will China Take Over the CBD Market?,https://www.rollyourownpapers.com/blogs/the-roll-your-own-papers-blog/why-will-china-take-over-the-cbd-market
KEEP-COMMERCIAL,0.0,200,2024-05-01,10 Reasons Why ROLLYOUROWNPAPERS.COM is the number one choice for Cust,https://www.rollyourownpapers.com/blogs/the-roll-your-own-papers-blog/10-reasons-why-rollyourownpapers-com-is-the-number-one-choice-for-custom-rolling-paper
KEEP-COMMERCIAL,0.0,200,2023-03-16,Your solution for bobbins and pre rolled tips compatible with Automate,https://www.rollyourownpapers.com/blogs/the-roll-your-own-papers-blog/your-solution-for-bobbins-and-pre-rolled-tips-compatible-with-automated-cone-rolling-system
KEEP-COMMERCIAL,0.0,200,2025-03-02,10 Promotional products you can you use to promote your dispensary,https://www.rollyourownpapers.com/blogs/the-roll-your-own-papers-blog/10-promotional-products-you-can-you-use-to-promote-your-dispensary
KEEP-COMMERCIAL,0.0,200,2026-01-27,Custom Wedding Matchbooks: The Ultimate 2026 Guide to Personalized M,https://www.rollyourownpapers.com/blogs/the-roll-your-own-papers-blog/custom-wedding-matchbooks-the-ultimate-2026-guide-to-personalized-matches
KEEP-COMMERCIAL,0.0,200,2024-03-12,5 Reasons Why You Should Use Bees Wax Hemp Wick to Elevate your Smokin,https://www.rollyourownpapers.com/blogs/the-roll-your-own-papers-blog/5-reasons-why-you-should-use-bees-wax-hemp-wick-to-elevate-your-smoking-experience
KEEP-COMMERCIAL,0.0,200,2022-09-09,Why Your Brand Needs to Use Custom Pre Rolls,https://www.rollyourownpapers.com/blogs/the-roll-your-own-papers-blog/why-your-brand-needs-to-use-custom-pre-rolls
KEEP-COMMERCIAL,0.0,200,2025-03-02,Legal and Design Considerations for Labeling Herb Products,https://www.rollyourownpapers.com/blogs/the-roll-your-own-papers-blog/legal-and-design-considerations-for-labeling-herb-products
KEEP-COMMERCIAL,0.0,200,2023-04-26,The Benefits Dispensaries Will Get from Selling Custom Rolling Papers,https://www.rollyourownpapers.com/blogs/the-roll-your-own-papers-blog/the-benefits-dispensaries-will-get-from-selling-custom-rolling-papers-with-their-brands
KEEP-COMMERCIAL,0.0,200,2024-05-10,Your Step-by-Step Guide to Designing Custom Rolling Papers That Make a,https://www.rollyourownpapers.com/blogs/the-roll-your-own-papers-blog/your-step-by-step-guide-to-designing-custom-rolling-papers-that-make-a-statement
KEEP-COMMERCIAL,0.0,200,2025-03-02,CUSTOM ROLLING PAPER - THE FASTEST WAY FOR YOUR TO GET IN TO THE HERB,https://www.rollyourownpapers.com/blogs/the-roll-your-own-papers-blog/custom-rolling-paper-the-fastest-way-for-your-to-get-in-to-the-herb-industry
KEEP-COMMERCIAL,0.0,200,2023-11-07,Custom Rolling Papers: Low Minimum Wholesale Starts at 150 Booklets,https://www.rollyourownpapers.com/blogs/the-roll-your-own-papers-blog/custom-rolling-papers-low-minimum-wholesale-starts-at-150-booklets
KEEP-COMMERCIAL,0.0,200,2020-01-29,Organic and Non-organic Rolling Papers,https://www.rollyourownpapers.com/blogs/the-roll-your-own-papers-blog/organic-and-non-organic-rolling-papers
KEEP-COMMERCIAL,0.0,200,2025-03-02,HOW TO CHOOSE THE BEST ROLLING TRAY FOR YOUR PROMOTIONAL PRODUCT,https://www.rollyourownpapers.com/blogs/the-roll-your-own-papers-blog/how-to-choose-the-best-rolling-tray-for-your-promotional-product
KEEP-COMMERCIAL,0.0,200,2020-03-02,Is the Vape Apocalypse Here to Stay?,https://www.rollyourownpapers.com/blogs/the-roll-your-own-papers-blog/is-the-vape-apocalypse-here-to-stay
KEEP-COMMERCIAL,0.0,200,2020-01-14,Custom Printed Rolling Papers - RGB vs CMYK: The Difference in A Nutsh,https://www.rollyourownpapers.com/blogs/the-roll-your-own-papers-blog/rgb-vs-cmyk-the-difference-in-a-nutshell
KEEP-COMMERCIAL,0.0,200,2023-05-24,7 Reasons How Custom Rolling Trays Can Boost Your Brand,https://www.rollyourownpapers.com/blogs/the-roll-your-own-papers-blog/7-reasons-how-custom-rolling-trays-can-boost-your-brand
KEEP-COMMERCIAL,0.0,200,2023-01-12,TOP 5 Essentials For Your Dispensary Start Up In Thailand,https://www.rollyourownpapers.com/blogs/the-roll-your-own-papers-blog/top-5-essentials-for-your-dispensary-start-up-in-thailand
KEEP-COMMERCIAL,0.0,200,2023-03-22,Investigating the Causes of the Cost Increase in Thailand's High Rolli,https://www.rollyourownpapers.com/blogs/the-roll-your-own-papers-blog/investigating-the-causes-of-the-cost-increase-in-thailands-high-rolled-paper-prices
KEEP-COMMERCIAL,0.0,200,2025-03-02,THE HOTTEST HERB SWAG FOR HIP HOP ARTISTS,https://www.rollyourownpapers.com/blogs/the-roll-your-own-papers-blog/the-hottest-herb-swag-for-hip-hop-artists
KEEP-COMMERCIAL,0.0,200,2023-11-10,Custom Rolling Tray:A Guide to Custom Rolling Tray Material Types,https://www.rollyourownpapers.com/blogs/the-roll-your-own-papers-blog/custom-rolling-tray-a-guide-to-custom-rolling-tray-material-types
KEEP-COMMERCIAL,0.0,200,2023-11-16,TOP 10 custom SWAG items for your business this season,https://www.rollyourownpapers.com/blogs/the-roll-your-own-papers-blog/top-10-custom-swag-items-for-your-business-this-season
KEEP-COMMERCIAL,0.0,200,2020-05-15,Is Legal Herb Overpriced? My Thoughts,https://www.rollyourownpapers.com/blogs/the-roll-your-own-papers-blog/is-legal-herb-overpriced-my-thoughts
KEEP-COMMERCIAL,0.0,200,2020-03-24,Micro Influencers: Are they Worth it?,https://www.rollyourownpapers.com/blogs/the-roll-your-own-papers-blog/micro-influencers-are-they-worth-it
KEEP-COMMERCIAL,0.0,200,2020-05-15,The Best Trade Shows For Medical Herbs Dispensaries,https://www.rollyourownpapers.com/blogs/the-roll-your-own-papers-blog/the-best-trade-shows-for-medical-herbs-dispensaries
KEEP-COMMERCIAL,0.0,200,2021-10-26,PROMOTIONAL CUSTOM ROLLING TRAYS FOR DISPENSARY PROMO,https://www.rollyourownpapers.com/blogs/the-roll-your-own-papers-blog/promotional-custom-rolling-trays-for-dispensary-promo
KEEP-COMMERCIAL,0.0,200,2020-04-24,How to increase PROFITS selling Custom Cones vs RAW Cones!,https://www.rollyourownpapers.com/blogs/the-roll-your-own-papers-blog/shoutout-to-lp-s-stop-selling-raw-cones-buy-custom
KEEP-COMMERCIAL,0.0,200,2020-04-15,My Favorite LA Dispensaries and Why,https://www.rollyourownpapers.com/blogs/the-roll-your-own-papers-blog/my-favorite-la-dispensaries-and-why
KEEP-COMMERCIAL,0.0,200,2022-03-21,A Step By Step guide to starting a profitable Pre Roll Cone Factory,https://www.rollyourownpapers.com/blogs/the-roll-your-own-papers-blog/a-step-by-step-guide-to-starting-a-profitable-pre-roll-cone-factory
KEEP-COMMERCIAL,0.0,200,2025-12-24,Custom Matchbooks Wedding: The Ultimate 2026 Guide to Personalized,https://www.rollyourownpapers.com/blogs/the-roll-your-own-papers-blog/custom-matchbooks-wedding-the-ultimate-2026-guide-to-personalized-wedding-matches
KEEP-COMMERCIAL,0.0,200,2025-12-24,Custom Matchboxes: Ignite Your Brand & Events with Personalized Mat,https://www.rollyourownpapers.com/blogs/the-roll-your-own-papers-blog/custom-matchboxes-ignite-your-brand-events-with-personalized-matches
KEEP-COMMERCIAL,0.0,200,2022-05-05,TOP 5 best promotional products for outdoor summer festivals,https://www.rollyourownpapers.com/blogs/the-roll-your-own-papers-blog/top-5-best-promotional-products-for-outdoor-summer-festivals
KEEP-COMMERCIAL,0.0,200,2026-01-28,Custom Printed Matchboxes Wholesale: Your Ultimate Guide to Stylish,https://www.rollyourownpapers.com/blogs/the-roll-your-own-papers-blog/custom-printed-matchboxes-wholesale-your-ultimate-guide-to-stylish-sparks
KEEP-COMMERCIAL,0.0,200,2025-03-02,CUSTOM ROLLING PAPER - A HERB PROMOTIONAL PRODUCT TO BOOST YOUR BRAND,https://www.rollyourownpapers.com/blogs/the-roll-your-own-papers-blog/custom-rolling-paper-a-herb-promotional-product-to-boost-your-brand
KEEP-COMMERCIAL,0.0,200,2025-03-02,Thailand Legalizes Herb - TOP 5 ways to have your merchandise stand ou,https://www.rollyourownpapers.com/blogs/the-roll-your-own-papers-blog/thailand-legalizes-hearb-top-5-ways-to-have-your-merchandise-stand-out-from-the-rest
KEEP-COMMERCIAL,0.0,200,2021-10-15,7 MUST HAVE SWAG FOR BACHELOR PARTIES (2021 GUIDE),https://www.rollyourownpapers.com/blogs/the-roll-your-own-papers-blog/7-must-have-swag-for-bachelor-parties-2021-guide
KEEP-COMMERCIAL,0.0,200,2020-05-14,The Impetus of Business: Graphic Design,https://www.rollyourownpapers.com/blogs/the-roll-your-own-papers-blog/the-impetus-of-business-graphic-design
KEEP-COMMERCIAL,0.0,200,2020-05-15,Cool Herb Brands With the Best Packaging,https://www.rollyourownpapers.com/blogs/the-roll-your-own-papers-blog/which-dope-brands-have-the-best-packaging
KEEP-COMMERCIAL,0.0,200,2025-03-02,5 INNOVATIVE PROMOTIONAL PRODUCTS FOR TRADE SHOWS,https://www.rollyourownpapers.com/blogs/the-roll-your-own-papers-blog/5-innovative-promotional-products-for-trade-shows
KEEP-COMMERCIAL,0.0,200,2025-02-05,Unleashing the Power of Herb Packaging: How it Transforms Branding and,https://www.rollyourownpapers.com/blogs/the-roll-your-own-papers-blog/unleashing-the-power-of-herb-packaging-how-it-transforms-branding-and-marketing
KEEP-COMMERCIAL,0.0,200,2020-02-17,Why is CBD so Expensive?,https://www.rollyourownpapers.com/blogs/the-roll-your-own-papers-blog/why-is-cbd-so-expensive
KEEP-COMMERCIAL,0.0,200,2025-03-02,Why is Packaging so Important in Branding Herb Products?,https://www.rollyourownpapers.com/blogs/the-roll-your-own-papers-blog/why-is-packaging-so-important-in-branding-herb-products
KEEP-COMMERCIAL,0.0,200,2025-03-02,10 Packaging Tips to Help Build your Herb Brand,https://www.rollyourownpapers.com/blogs/the-roll-your-own-papers-blog/10-packaging-tips-to-help-build-your-herb-brand
KEEP-COMMERCIAL,0.0,200,2024-03-15,Discover the #1 Pre-Roll Cone Size Dominating the Market: What You Don,https://www.rollyourownpapers.com/blogs/the-roll-your-own-papers-blog/discover-the-1-pre-roll-cone-size-dominating-the-market-what-you-dont-know-will-surprise-you
KEEP-COMMERCIAL,0.0,200,2024-05-22,The Rise of Black Rolling Papers: 5 Key Reasons,https://www.rollyourownpapers.com/blogs/the-roll-your-own-papers-blog/the-rise-of-black-rolling-papers-5-key-reasons
KEEP-COMMERCIAL,0.0,200,2024-01-22,Custom Rolling Tray - design it yourself with  CANNAYA DESIGN?,https://www.rollyourownpapers.com/blogs/the-roll-your-own-papers-blog/custom-rolling-tray-design-it-yourself-with-cannaya-design
KEEP-COMMERCIAL,0.0,200,2024-05-27,Top 10 Cannabis Promotional Products for Effective Branding,https://www.rollyourownpapers.com/blogs/the-roll-your-own-papers-blog/top-10-cannabis-promotional-products-for-effective-branding
KEEP-COMMERCIAL,0.0,200,2025-03-02,10 Tips for Designing A Brand Identity in The Herb Industry,https://www.rollyourownpapers.com/blogs/the-roll-your-own-papers-blog/10-tips-for-designing-a-brand-identity-in-the-herb-industry
KEEP-COMMERCIAL,0.0,200,2024-06-27,10 Cost Effective July 4th Promotional Giveaway Ideas for Dispensaries,https://www.rollyourownpapers.com/blogs/the-roll-your-own-papers-blog/10-cost-effective-july-4th-promotional-giveaway-ideas-for-dispensaries-to-boost-your-brand
KEEP-COMMERCIAL,0.0,200,2020-06-16,Choosing the Best Packaging,https://www.rollyourownpapers.com/blogs/the-roll-your-own-papers-blog/choosing-the-best-packaging
KEEP-COMMERCIAL,0.0,200,2024-06-06,"Hemp Wraps 101: Benefits, Customization, and Where to get the Best Hem",https://www.rollyourownpapers.com/blogs/the-roll-your-own-papers-blog/hemp-wraps-101-benefits-customization-and-where-to-get-the-best-hemp-wraps
KEEP-COMMERCIAL,0.0,200,2023-03-22,OEM,https://www.rollyourownpapers.com/blogs/the-roll-your-own-papers-blog/oem
KEEP-COMMERCIAL,0.0,200,2024-06-24,The Pros and Cons of Glass Pre-Rolled Tips vs. Unbleached Pre-Rolled T,https://www.rollyourownpapers.com/blogs/the-roll-your-own-papers-blog/the-pros-and-cons-of-glass-pre-rolled-tips-vs-unbleached-pre-rolled-tips
KEEP-COMMERCIAL,0.0,200,2024-07-02,Custom Pre-Rolled Cones vs. Traditional Rolling Papers: Which Is Right,https://www.rollyourownpapers.com/blogs/the-roll-your-own-papers-blog/custom-pre-rolled-cones-vs-traditional-rolling-papers-which-is-right-for-you
KEEP-COMMERCIAL,0.0,200,2020-01-24,How to start Marketing your own Rolling Paper Brand,https://www.rollyourownpapers.com/blogs/the-roll-your-own-papers-blog/how-to-start-marketing-your-own-rolling-paper-brand
KEEP-COMMERCIAL,0.0,200,2023-12-29,Custom Rolling Trays Crafting Uniqueness: A Comprehensive Guide on How,https://www.rollyourownpapers.com/blogs/the-roll-your-own-papers-blog/custom-rolling-trays-crafting-uniqueness-a-comprehensive-guide-on-how-to-order
KEEP-COMMERCIAL,0.0,200,2024-03-04,Custom Rolling Paper Manufacturer,https://www.rollyourownpapers.com/blogs/the-roll-your-own-papers-blog/custom-rolling-paper-manufacturer
KEEP-COMMERCIAL,0.0,200,2025-03-02,4 Great Online Herb Dispensary Marketing Ideas to Increase Sales,https://www.rollyourownpapers.com/blogs/the-roll-your-own-papers-blog/4-great-online-herb-dispensary-marketing-ideas-to-increase-sales
KEEP-COMMERCIAL,0.0,200,2025-03-02,Top Design Trends in Herb Packaging,https://www.rollyourownpapers.com/blogs/the-roll-your-own-papers-blog/top-design-trends-in-herb-packaging
KEEP-COMMERCIAL,0.0,200,2025-03-04,7 Questions to Help You Find the Best Herb Packaging Provider,https://www.rollyourownpapers.com/blogs/the-roll-your-own-papers-blog/7-questions-to-help-you-find-the-best-herb-packaging-provider
KEEP-COMMERCIAL,0.0,200,2025-03-04,How Can Herb Packaging Be Eco-friendly?,https://www.rollyourownpapers.com/blogs/the-roll-your-own-papers-blog/how-can-herb-packaging-be-eco-friendly
KEEP-COMMERCIAL,0.0,200,2020-08-31,7 Steps to Launching Your Own CBD Brand,https://www.rollyourownpapers.com/blogs/the-roll-your-own-papers-blog/7-steps-to-launching-your-own-cbd-brand
KEEP-COMMERCIAL,0.0,200,1970-01-01,Herbal Event Promotional Products Worth Ordering in 2026,https://www.rollyourownpapers.com/blogs/the-roll-your-own-papers-blog/herbal-event-promotional-products-2026
KEEP-COMMERCIAL,0.0,200,1970-01-01,Why Custom Rolling Papers Are 2026's Best Bachelor Party Favor,https://www.rollyourownpapers.com/blogs/the-roll-your-own-papers-blog/custom-rolling-papers-bachelor-party-favors-2026
KEEP-COMMERCIAL,0.0,200,2026-05-17,Rolling Paper Branding for Music Festivals: What Actually Works,https://www.rollyourownpapers.com/blogs/the-roll-your-own-papers-blog/rolling-paper-branding-for-music-festivals
KEEP-COMMERCIAL,0.0,200,2026-05-17,What to Look for in a White Label Rolling Papers Supplier (2026),https://www.rollyourownpapers.com/blogs/the-roll-your-own-papers-blog/white-label-rolling-papers-supplier-2026
KEEP-COMMERCIAL,0.0,200,2026-05-17,Best Custom Rolling Papers of 2026  Ranked by Quality & Value,https://www.rollyourownpapers.com/blogs/the-roll-your-own-papers-blog/best-custom-rolling-papers-2026
KEEP-COMMERCIAL,0.0,200,2026-05-17,Rolling Paper Wedding Favors: The Unexpected Hit of 2026 Weddings,https://www.rollyourownpapers.com/blogs/the-roll-your-own-papers-blog/rolling-paper-wedding-favors
KEEP-COMMERCIAL,0.0,200,2026-03-15,Custom Cannabis Packaging: The Complete 2026 Guide to Branding & Com,https://www.rollyourownpapers.com/blogs/the-roll-your-own-papers-blog/custom-cannabis-packaging-the-complete-2026-guide-to-branding-compliance?srsltid=AfmBOopParRcaZwTEpCNuUNCjwjBbgFtuEXnteLwORhYzXNqb-ddDgVc
KEEP-COMMERCIAL,0.0,200,2026-04-01,Custom Cannabis Packaging: The Complete 2026 Guide to Branding & Com,https://www.rollyourownpapers.com/blogs/the-roll-your-own-papers-blog/custom-cannabis-packaging-the-complete-2026-guide-to-branding-compliance?srsltid=AfmBOopf5NRGYt8tpkcfWH9f2A1zs9qs2HqiqPbvKzQj1_ty94RsTuBM
KEEP-COMMERCIAL,0.0,200,2026-04-11,The Pros and Cons of Glass Pre-Rolled Tips vs. Unbleached Pre-Rolled T,https://www.rollyourownpapers.com/blogs/the-roll-your-own-papers-blog/the-pros-and-cons-of-glass-pre-rolled-tips-vs-unbleached-pre-rolled-tips?srsltid=AfmBOooRAKk_TS8Ku0amRV4Qy40KkOYJzVHob9j-yW2_YfjK5AKc19kQ
KEEP-COMMERCIAL,0.0,200,2026-04-05,Custom Cannabis Packaging: The Complete 2026 Guide to Branding & Com,https://www.rollyourownpapers.com/blogs/the-roll-your-own-papers-blog/custom-cannabis-packaging-the-complete-2026-guide-to-branding-compliance?srsltid=AfmBOor9b2vwKrmfj5nwtTRg4BeM-Rz2677gRckPusdYk9jAywZtlMF6
KEEP-COMMERCIAL,0.0,200,2026-04-01,Custom Cannabis Packaging: The Complete 2026 Guide to Branding & Com,https://www.rollyourownpapers.com/blogs/the-roll-your-own-papers-blog/custom-cannabis-packaging-the-complete-2026-guide-to-branding-compliance?srsltid=AfmBOorxO4QyqmkbsLQ0mKdQ3zJ0Fny7C37ambxLlegH3vnI6Y4VODQ4
KEEP-COMMERCIAL,0.0,200,2026-01-04,Where to Get Custom Lighters: The Ultimate 2025 Guide,https://www.rollyourownpapers.com/blogs/the-roll-your-own-papers-blog/where-to-get-custom-lighters-the-ultimate-2025-guide?srsltid=AfmBOoqwKvdFhkfNjH3qxdpK-7JxxJJ0iB3hQLxu1FB351blgax2llvf
KEEP-COMMERCIAL,0.0,200,2026-04-01,Custom Cannabis Packaging: The Complete 2026 Guide to Branding & Com,https://www.rollyourownpapers.com/blogs/the-roll-your-own-papers-blog/custom-cannabis-packaging-the-complete-2026-guide-to-branding-compliance?srsltid=AfmBOooYW05-9HBoys7SfttE-G5Z0EUpRFhv42R6J4pAUuoS4IGFLiXU
KEEP-COMMERCIAL,0.0,200,2025-12-27,Where to Get Custom Lighters: The Ultimate 2025 Guide,https://www.rollyourownpapers.com/blogs/the-roll-your-own-papers-blog/where-to-get-custom-lighters-the-ultimate-2025-guide?srsltid=AfmBOopyR8YeKho6cVs0-Kxkz-oheKqyjrqr-r26xUw2xv3j__aO_j75
KEEP-COMMERCIAL,0.0,200,2026-04-01,Custom Cannabis Packaging: The Complete 2026 Guide to Branding & Com,https://www.rollyourownpapers.com/blogs/the-roll-your-own-papers-blog/custom-cannabis-packaging-the-complete-2026-guide-to-branding-compliance?srsltid=AfmBOor4-xjsocLsfoN3VgqeiNxlVRIoR2o7wywgk-kxAm0xDDKO2N5G
REVIEW,7.0,200,2025-12-25,Custom Printed Matchbooks: The Ultimate 2026 Guide to Personalized M,https://www.rollyourownpapers.com/blogs/the-roll-your-own-papers-blog/custom-printed-matchbooks-the-ultimate-2026-guide-to-personalized-matches
REVIEW,4.5,200,2025-10-01,Are PreRolls Strong? Exploring Potency & Custom Options,https://www.rollyourownpapers.com/blogs/the-roll-your-own-papers-blog/are-pre-rolls-strong-exploring-potency-custom-options
REVIEW,4.4,200,2024-08-25,Elevate Your Brand with Custom Rolling Trays,https://www.rollyourownpapers.com/blogs/the-roll-your-own-papers-blog/elevate-your-brand-with-custom-rolling-trays
REVIEW,4.4,200,2025-07-31,Where to Buy Pre-Roll Cones: Your Friendly Guide to Scoring the Best D,https://www.rollyourownpapers.com/blogs/the-roll-your-own-papers-blog/where-to-buy-pre-roll-cones-your-friendly-guide-to-scoring-the-best-deals
REVIEW,0.0,200,2023-03-22,,https://www.rollyourownpapers.com/blogs/the-roll-your-own-papers-blog/article
REVIEW,0.0,200,2024-02-19,,https://www.rollyourownpapers.com/blogs/the-roll-your-own-papers-blog/article-3
REVIEW,0.0,200,2023-05-13,""""" -",https://www.rollyourownpapers.com/blogs/the-roll-your-own-papers-blog/article-1
REVIEW,0.0,200,2024-05-06,Lighter Leash Hacks: 5 Surprising Uses for it,https://www.rollyourownpapers.com/blogs/the-roll-your-own-papers-blog/lighter-leash-hacks-5-surprising-uses-for-it
REVIEW,0.0,200,2024-12-24,Custom Crocs Charms for Herb Crocs,https://www.rollyourownpapers.com/blogs/the-roll-your-own-papers-blog/custom-crocs-charms-for-herb-crocs
REVIEW,0.0,200,2023-12-07,ROLL YOUR OWN PAPERS.COM - Your Ultimate Custom Rolling Trays Manufact,https://www.rollyourownpapers.com/blogs/the-roll-your-own-papers-blog/roll-your-own-papers-com-your-ultimate-custom-rolling-trays-manufacturer
REVIEW,0.0,200,2026-05-17,Promotional Products That Win at Herbal Industry Events in 2026,https://www.rollyourownpapers.com/blogs/the-roll-your-own-papers-blog/promotional-products-herbal-industry-events-2026
